index,league,season,team,player,nation,pos,age,born,Playing Time_MP,Playing Time_Starts,Playing Time_Min,Playing Time_90s,Performance_Gls,Performance_Ast,Performance_G+A,Performance_G-PK,Performance_PK,Performance_PKatt,Performance_CrdY,Performance_CrdR,Per 90 Minutes_Gls,Per 90 Minutes_Ast,Per 90 Minutes_G+A,Per 90 Minutes_G-PK,Per 90 Minutes_G+A-PK,nation_shooting,pos_shooting,age_shooting,born_shooting,90s,Standard_Gls,Standard_Sh,Standard_SoT,Standard_SoT%,Standard_Sh/90,Standard_SoT/90,Standard_G/Sh,Standard_G/SoT,Standard_PK,Standard_PKatt,nation_misc,pos_misc,age_misc,born_misc,90s_misc,Performance_CrdY_misc,Performance_CrdR_misc,Performance_2CrdY,Performance_Fls,Performance_Fld,Performance_Off,Performance_Crs,Performance_Int,Performance_TklW,Performance_PKwon,Performance_PKcon,Performance_OG,Standard_Gls_p90,Standard_Sh_p90,Performance_Ast_p90,Performance_Crs_p90,Performance_TklW_p90,Performance_Int_p90,Performance_Fls_p90,Performance_Fld_p90
0,ENG-Premier League,2425,Arsenal,Ben White,ENG,DF,26,1997,17,13,1198,13.3,0,2,2,0,0,0,2,0,0.0,0.15,0.15,0.0,0.15,ENG,DF,26,1997,13.3,0,9,2,22.2,0.68,0.15,0.0,0.0,0,0,ENG,DF,26,1997,13.3,2,0,0,10,5,1,17,16,15,,,0,0.0,0.6766917293233082,0.15037593984962405,1.2781954887218046,1.1278195488721805,1.2030075187969924,0.7518796992481203,0.37593984962406013
1,ENG-Premier League,2425,Arsenal,Bukayo Saka,ENG,"FW,MF",22,2001,25,20,1729,19.2,6,10,16,5,1,1,3,0,0.31,0.52,0.83,0.26,0.78,ENG,"FW,MF",22,2001,19.2,6,67,23,34.3,3.49,1.2,0.09,0.26,1,1,ENG,"FW,MF",22,2001,19.2,3,0,0,15,39,7,115,3,15,,,0,0.3125,3.4895833333333335,0.5208333333333334,5.989583333333334,0.78125,0.15625,0.78125,2.03125
2,ENG-Premier League,2425,Arsenal,David Raya,ESP,GK,28,1995,38,38,3420,38.0,0,0,0,0,0,0,3,0,0.0,0.0,0.0,0.0,0.0,ESP,GK,28,1995,38.0,0,0,0,,0.0,0.0,,,0,0,ESP,GK,28,1995,38.0,3,0,0,1,10,0,0,0,0,,,0,0.0,0.0,0.0,0.0,0.0,0.0,0.02631578947368421,0.2631578947368421
3,ENG-Premier League,2425,Arsenal,Declan Rice,ENG,MF,25,1999,35,33,2825,31.4,4,7,11,4,0,0,7,1,0.13,0.22,0.35,0.13,0.35,ENG,MF,25,1999,31.4,4,48,15,31.3,1.53,0.48,0.08,0.27,0,0,ENG,MF,25,1999,31.4,7,1,1,21,16,2,161,27,23,,,0,0.12738853503184713,1.5286624203821657,0.2229299363057325,5.127388535031847,0.7324840764331211,0.8598726114649682,0.6687898089171975,0.5095541401273885
4,ENG-Premier League,2425,Arsenal,Gabriel Magalhães,BRA,DF,26,1997,28,28,2363,26.3,3,1,4,3,0,0,4,0,0.11,0.04,0.15,0.11,0.15,BRA,DF,26,1997,26.3,3,22,5,22.7,0.84,0.19,0.14,0.6,0,0,BRA,DF,26,1997,26.3,4,0,0,19,19,0,9,16,15,,,0,0.11406844106463879,0.8365019011406843,0.03802281368821293,0.34220532319391633,0.5703422053231939,0.6083650190114068,0.7224334600760456,0.7224334600760456
5,ENG-Premier League,2425,Arsenal,Gabriel Martinelli,BRA,"FW,MF",23,2001,33,25,2290,25.4,8,4,12,8,0,0,1,0,0.31,0.16,0.47,0.31,0.47,BRA,"FW,MF",23,2001,25.4,8,56,25,44.6,2.2,0.98,0.14,0.32,0,0,BRA,"FW,MF",23,2001,25.4,1,0,0,16,21,8,90,4,15,,,0,0.31496062992125984,2.204724409448819,0.15748031496062992,3.5433070866141736,0.5905511811023623,0.15748031496062992,0.6299212598425197,0.8267716535433072
6,ENG-Premier League,2425,Arsenal,Jakub Kiwior,POL,DF,24,2000,17,10,1122,12.5,1,0,1,1,0,0,1,0,0.08,0.0,0.08,0.08,0.08,POL,DF,24,2000,12.5,1,3,1,33.3,0.24,0.08,0.33,1.0,0,0,POL,DF,24,2000,12.5,1,0,0,10,4,1,2,6,8,,,0,0.08,0.24,0.0,0.16,0.64,0.48,0.8,0.32
7,ENG-Premier League,2425,Arsenal,Jurriën Timber,NED,DF,23,2001,30,27,2417,26.9,1,3,4,1,0,0,7,0,0.04,0.11,0.15,0.04,0.15,NED,DF,23,2001,26.9,1,14,4,28.6,0.52,0.15,0.07,0.25,0,0,NED,DF,23,2001,26.9,7,0,0,30,29,7,28,24,36,,,0,0.03717472118959108,0.5204460966542751,0.11152416356877325,1.0408921933085502,1.338289962825279,0.892193308550186,1.1152416356877324,1.0780669144981414
8,ENG-Premier League,2425,Arsenal,Kai Havertz,GER,FW,25,1999,23,21,1875,20.8,9,3,12,9,0,0,5,0,0.43,0.14,0.58,0.43,0.58,GER,FW,25,1999,20.8,9,53,21,39.6,2.54,1.01,0.17,0.43,0,0,GER,FW,25,1999,20.8,5,0,0,38,23,14,11,5,8,,,0,0.43269230769230765,2.548076923076923,0.14423076923076922,0.5288461538461539,0.3846153846153846,0.24038461538461536,1.8269230769230769,1.1057692307692308
9,ENG-Premier League,2425,Arsenal,Leandro Trossard,BEL,FW,29,1994,38,28,2546,28.3,8,7,15,8,0,0,4,1,0.28,0.25,0.53,0.28,0.53,BEL,FW,29,1994,28.3,8,72,22,30.6,2.55,0.78,0.11,0.36,0,0,BEL,FW,29,1994,28.3,4,1,1,27,46,6,80,10,18,,,0,0.2826855123674912,2.5441696113074204,0.24734982332155475,2.8268551236749118,0.6360424028268551,0.35335689045936397,0.9540636042402827,1.6254416961130742
10,ENG-Premier League,2425,Arsenal,Martin Ødegaard,NOR,MF,25,1998,30,26,2325,25.8,3,8,11,2,1,1,4,0,0.12,0.31,0.43,0.08,0.39,NOR,MF,25,1998,25.8,3,49,17,34.7,1.9,0.66,0.06,0.18,1,1,NOR,MF,25,1998,25.8,4,0,0,12,23,1,86,6,8,,,0,0.11627906976744186,1.8992248062015504,0.31007751937984496,3.333333333333333,0.31007751937984496,0.23255813953488372,0.46511627906976744,0.8914728682170543
11,ENG-Premier League,2425,Arsenal,Mikel Merino,ESP,"MF,FW",28,1996,28,17,1586,17.6,7,2,9,7,0,0,4,1,0.4,0.11,0.51,0.4,0.51,ESP,"MF,FW",28,1996,17.6,7,38,15,39.5,2.16,0.85,0.18,0.47,0,0,ESP,"MF,FW",28,1996,17.6,4,1,1,41,23,7,12,16,28,,,0,0.3977272727272727,2.1590909090909087,0.11363636363636363,0.6818181818181818,1.5909090909090908,0.9090909090909091,2.329545454545454,1.3068181818181817
12,ENG-Premier League,2425,Arsenal,Myles Lewis-Skelly,ENG,DF,17,2006,23,15,1369,15.2,1,0,1,1,0,0,3,2,0.07,0.0,0.07,0.07,0.07,ENG,DF,17,2006,15.2,1,3,1,33.3,0.2,0.07,0.33,1.0,0,0,ENG,DF,17,2006,15.2,3,2,0,11,47,0,10,7,13,,,0,0.06578947368421052,0.19736842105263158,0.0,0.6578947368421053,0.8552631578947368,0.46052631578947373,0.7236842105263158,3.0921052631578947
13,ENG-Premier League,2425,Arsenal,Riccardo Calafiori,ITA,DF,22,2002,19,11,983,10.9,2,1,3,2,0,0,4,0,0.18,0.09,0.27,0.18,0.27,ITA,DF,22,2002,10.9,2,10,6,60.0,0.92,0.55,0.2,0.33,0,0,ITA,DF,22,2002,10.9,4,0,0,15,6,3,11,8,18,,,0,0.18348623853211007,0.9174311926605504,0.09174311926605504,1.0091743119266054,1.6513761467889907,0.7339449541284403,1.3761467889908257,0.5504587155963303
14,ENG-Premier League,2425,Arsenal,Thomas Partey,GHA,"MF,DF",31,1993,35,31,2797,31.1,4,2,6,4,0,0,4,0,0.13,0.06,0.19,0.13,0.19,GHA,"MF,DF",31,1993,31.1,4,26,9,34.6,0.84,0.29,0.15,0.44,0,0,GHA,"MF,DF",31,1993,31.1,4,0,0,44,31,1,12,35,53,,,0,0.12861736334405144,0.8360128617363344,0.06430868167202572,0.3858520900321543,1.7041800643086815,1.12540192926045,1.4147909967845658,0.9967845659163986
15,ENG-Premier League,2425,Arsenal,William Saliba,FRA,DF,23,2001,35,35,3039,33.8,2,0,2,2,0,0,2,1,0.06,0.0,0.06,0.06,0.06,FRA,DF,23,2001,33.8,2,6,3,50.0,0.18,0.09,0.33,0.67,0,0,FRA,DF,23,2001,33.8,2,1,0,28,17,1,3,22,34,,,0,0.0591715976331361,0.1775147928994083,0.0,0.08875739644970415,1.0059171597633136,0.6508875739644971,0.8284023668639054,0.5029585798816568
16,ENG-Premier League,2425,Aston Villa,Amadou Onana,BEL,MF,22,2001,26,20,1617,18.0,3,0,3,3,0,0,4,0,0.17,0.0,0.17,0.17,0.17,BEL,MF,22,2001,18.0,3,17,6,35.3,0.95,0.33,0.18,0.5,0,0,BEL,MF,22,2001,18.0,4,0,0,32,30,0,2,26,29,,,0,0.16666666666666666,0.9444444444444444,0.0,0.1111111111111111,1.6111111111111112,1.4444444444444444,1.7777777777777777,1.6666666666666667
17,ENG-Premier League,2425,Aston Villa,Boubacar Kamara,FRA,"MF,DF",24,1999,26,20,1726,19.2,1,0,1,1,0,0,2,0,0.05,0.0,0.05,0.05,0.05,FRA,"MF,DF",24,1999,19.2,1,10,3,30.0,0.52,0.16,0.1,0.33,0,0,FRA,"MF,DF",24,1999,19.2,2,0,0,29,35,0,1,16,23,,,0,0.052083333333333336,0.5208333333333334,0.0,0.052083333333333336,1.1979166666666667,0.8333333333333334,1.5104166666666667,1.8229166666666667
18,ENG-Premier League,2425,Aston Villa,Emiliano Martínez,ARG,GK,31,1992,37,37,3194,35.5,0,0,0,0,0,0,5,1,0.0,0.0,0.0,0.0,0.0,ARG,GK,31,1992,35.5,0,0,0,,0.0,0.0,,,0,0,ARG,GK,31,1992,35.5,5,1,0,2,5,0,0,0,3,,,0,0.0,0.0,0.0,0.0,0.08450704225352113,0.0,0.056338028169014086,0.14084507042253522
19,ENG-Premier League,2425,Aston Villa,Ezri Konsa,ENG,DF,26,1997,34,33,2936,32.6,2,0,2,2,0,0,1,0,0.06,0.0,0.06,0.06,0.06,ENG,DF,26,1997,32.6,2,11,5,45.5,0.34,0.15,0.18,0.4,0,0,ENG,DF,26,1997,32.6,1,0,0,9,47,1,5,24,20,,,0,0.06134969325153374,0.3374233128834356,0.0,0.15337423312883436,0.6134969325153374,0.7361963190184049,0.2760736196319018,1.4417177914110428
20,ENG-Premier League,2425,Aston Villa,Ian Maatsen,NED,DF,22,2002,29,10,1139,12.7,1,2,3,1,0,0,2,0,0.08,0.16,0.24,0.08,0.24,NED,DF,22,2002,12.7,1,19,5,26.3,1.5,0.4,0.05,0.2,0,0,NED,DF,22,2002,12.7,2,0,0,11,9,3,51,18,18,,,0,0.07874015748031496,1.4960629921259843,0.15748031496062992,4.015748031496063,1.4173228346456694,1.4173228346456694,0.8661417322834646,0.7086614173228347
21,ENG-Premier League,2425,Aston Villa,Jacob Ramsey,ENG,MF,23,2001,29,19,1623,18.0,1,3,4,1,0,0,4,1,0.06,0.17,0.22,0.06,0.22,ENG,MF,23,2001,18.0,1,19,4,21.1,1.05,0.22,0.05,0.25,0,0,ENG,MF,23,2001,18.0,4,1,1,13,28,5,11,8,15,,,0,0.05555555555555555,1.0555555555555556,0.16666666666666666,0.6111111111111112,0.8333333333333334,0.4444444444444444,0.7222222222222222,1.5555555555555556
22,ENG-Premier League,2425,Aston Villa,John McGinn,SCO,MF,29,1994,34,27,2223,24.7,1,4,5,1,0,0,7,0,0.04,0.16,0.2,0.04,0.2,SCO,MF,29,1994,24.7,1,31,5,16.1,1.26,0.2,0.03,0.2,0,0,SCO,MF,29,1994,24.7,7,0,0,43,69,3,60,11,23,,,0,0.04048582995951417,1.2550607287449393,0.16194331983805668,2.4291497975708505,0.9311740890688259,0.4453441295546559,1.7408906882591093,2.7935222672064777
23,ENG-Premier League,2425,Aston Villa,Leon Bailey,JAM,MF,26,1997,24,14,1139,12.7,1,2,3,1,0,0,3,0,0.08,0.16,0.24,0.08,0.24,JAM,MF,26,1997,12.7,1,28,6,21.4,2.21,0.47,0.04,0.17,0,0,JAM,MF,26,1997,12.7,3,0,0,12,18,3,34,4,4,,,0,0.07874015748031496,2.204724409448819,0.15748031496062992,2.677165354330709,0.31496062992125984,0.31496062992125984,0.9448818897637796,1.4173228346456694
24,ENG-Premier League,2425,Aston Villa,Lucas Digne,FRA,DF,31,1993,32,28,2351,26.1,0,4,4,0,0,0,4,0,0.0,0.15,0.15,0.0,0.15,FRA,DF,31,1993,26.1,0,13,3,23.1,0.5,0.11,0.0,0.0,0,0,FRA,DF,31,1993,26.1,4,0,0,21,16,7,140,22,36,,,0,0.0,0.49808429118773945,0.1532567049808429,5.363984674329502,1.379310344827586,0.842911877394636,0.8045977011494252,0.6130268199233716
25,ENG-Premier League,2425,Aston Villa,Matty Cash,POL,DF,26,1997,27,24,2070,23.0,1,1,2,1,0,0,7,0,0.04,0.04,0.09,0.04,0.09,POL,DF,26,1997,23.0,1,13,6,46.2,0.57,0.26,0.08,0.17,0,0,POL,DF,26,1997,23.0,7,0,0,27,20,1,40,22,31,,,0,0.043478260869565216,0.5652173913043478,0.043478260869565216,1.7391304347826086,1.3478260869565217,0.9565217391304348,1.173913043478261,0.8695652173913043
26,ENG-Premier League,2425,Aston Villa,Morgan Rogers,ENG,MF,22,2002,37,37,3114,34.6,8,10,18,8,0,0,10,0,0.23,0.29,0.52,0.23,0.52,ENG,MF,22,2002,34.6,8,55,20,36.4,1.59,0.58,0.15,0.4,0,0,ENG,MF,22,2002,34.6,10,0,0,49,51,2,28,6,22,,,0,0.23121387283236994,1.5895953757225434,0.2890173410404624,0.8092485549132947,0.6358381502890174,0.17341040462427745,1.416184971098266,1.4739884393063583
27,ENG-Premier League,2425,Aston Villa,Ollie Watkins,ENG,FW,28,1995,38,31,2598,28.9,16,8,24,14,2,2,2,0,0.55,0.28,0.83,0.48,0.76,ENG,FW,28,1995,28.9,16,84,40,47.6,2.91,1.39,0.19,0.4,2,2,ENG,FW,28,1995,28.9,2,0,0,29,33,16,7,7,7,,,0,0.5536332179930796,2.906574394463668,0.2768166089965398,0.24221453287197234,0.24221453287197234,0.24221453287197234,1.0034602076124568,1.1418685121107266
28,ENG-Premier League,2425,Aston Villa,Pau Torres,ESP,DF,27,1997,24,23,2020,22.4,0,0,0,0,0,0,2,0,0.0,0.0,0.0,0.0,0.0,ESP,DF,27,1997,22.4,0,8,3,37.5,0.36,0.13,0.0,0.0,0,0,ESP,DF,27,1997,22.4,2,0,0,8,7,0,4,9,15,,,0,0.0,0.35714285714285715,0.0,0.17857142857142858,0.6696428571428572,0.4017857142857143,0.35714285714285715,0.3125
29,ENG-Premier League,2425,Aston Villa,Tyrone Mings,ENG,DF,31,1993,14,12,1120,12.4,0,0,0,0,0,0,1,0,0.0,0.0,0.0,0.0,0.0,ENG,DF,31,1993,12.4,0,9,1,11.1,0.72,0.08,0.0,0.0,0,0,ENG,DF,31,1993,12.4,1,0,0,4,11,0,1,7,6,,,0,0.0,0.7258064516129032,0.0,0.08064516129032258,0.48387096774193544,0.564516129032258,0.3225806451612903,0.8870967741935484
30,ENG-Premier League,2425,Aston Villa,Youri Tielemans,BEL,MF,27,1997,36,35,3026,33.6,3,7,10,3,0,1,4,0,0.09,0.21,0.3,0.09,0.3,BEL,MF,27,1997,33.6,3,41,13,31.7,1.22,0.39,0.07,0.23,0,1,BEL,MF,27,1997,33.6,4,0,0,41,56,0,118,22,58,,,0,0.08928571428571429,1.2202380952380951,0.20833333333333331,3.511904761904762,1.726190476190476,0.6547619047619048,1.2202380952380951,1.6666666666666665
31,ENG-Premier League,2425,Bournemouth,Adam Smith,ENG,DF,33,1991,25,19,1590,17.7,0,0,0,0,0,0,7,0,0.0,0.0,0.0,0.0,0.0,ENG,DF,33,1991,17.7,0,3,0,0.0,0.17,0.0,0.0,,0,0,ENG,DF,33,1991,17.7,7,0,0,19,12,0,33,15,14,,,0,0.0,0.16949152542372883,0.0,1.864406779661017,0.7909604519774012,0.8474576271186441,1.073446327683616,0.6779661016949153
32,ENG-Premier League,2425,Bournemouth,Antoine Semenyo,GHA,MF,24,2000,37,36,3203,35.6,11,5,16,11,0,0,9,0,0.31,0.14,0.45,0.31,0.45,GHA,MF,24,2000,35.6,11,126,41,32.5,3.54,1.15,0.09,0.27,0,0,GHA,MF,24,2000,35.6,9,0,0,72,37,14,58,9,36,,,0,0.3089887640449438,3.539325842696629,0.14044943820224717,1.6292134831460674,1.0112359550561798,0.25280898876404495,2.0224719101123596,1.0393258426966292
33,ENG-Premier League,2425,Bournemouth,Dango Ouattara,BFA,"MF,FW",22,2002,32,21,2005,22.3,7,4,11,7,0,0,3,0,0.31,0.18,0.49,0.31,0.49,BFA,"MF,FW",22,2002,22.3,7,62,20,32.3,2.78,0.9,0.11,0.35,0,0,BFA,"MF,FW",22,2002,22.3,3,0,0,16,19,13,88,11,26,,,0,0.3139013452914798,2.780269058295964,0.17937219730941703,3.9461883408071747,1.1659192825112108,0.49327354260089684,0.7174887892376681,0.852017937219731
34,ENG-Premier League,2425,Bournemouth,David Brooks,WAL,MF,27,1997,29,9,960,10.7,2,0,2,2,0,0,3,0,0.19,0.0,0.19,0.19,0.19,WAL,MF,27,1997,10.7,2,25,12,48.0,2.34,1.13,0.08,0.17,0,0,WAL,MF,27,1997,10.7,3,0,0,11,18,0,51,5,6,,,0,0.1869158878504673,2.336448598130841,0.0,4.766355140186916,0.5607476635514019,0.4672897196261683,1.0280373831775702,1.6822429906542058
35,ENG-Premier League,2425,Bournemouth,Dean Huijsen,ESP,DF,19,2005,32,26,2427,27.0,3,2,5,3,0,0,10,0,0.11,0.07,0.19,0.11,0.19,ESP,DF,19,2005,27.0,3,18,4,22.2,0.67,0.15,0.17,0.75,0,0,ESP,DF,19,2005,27.0,10,0,0,31,10,2,13,48,27,,,0,0.1111111111111111,0.6666666666666666,0.07407407407407407,0.48148148148148145,1.0,1.7777777777777777,1.1481481481481481,0.37037037037037035
36,ENG-Premier League,2425,Bournemouth,Evanilson,BRA,FW,24,1999,31,28,2319,25.8,10,1,11,10,0,1,1,1,0.39,0.04,0.43,0.39,0.43,BRA,FW,24,1999,25.8,10,73,32,43.8,2.83,1.24,0.14,0.31,0,1,BRA,FW,24,1999,25.8,1,1,0,37,53,20,1,2,9,,,0,0.38759689922480617,2.8294573643410854,0.03875968992248062,0.03875968992248062,0.3488372093023256,0.07751937984496124,1.4341085271317828,2.054263565891473
37,ENG-Premier League,2425,Bournemouth,Illia Zabarnyi,UKR,DF,21,2002,36,35,3109,34.5,0,1,1,0,0,0,4,1,0.0,0.03,0.03,0.0,0.03,UKR,DF,21,2002,34.5,0,12,1,8.3,0.35,0.03,0.0,0.0,0,0,UKR,DF,21,2002,34.5,4,1,0,20,7,0,6,39,35,,,0,0.0,0.34782608695652173,0.028985507246376812,0.17391304347826086,1.0144927536231885,1.1304347826086956,0.5797101449275363,0.2028985507246377
38,ENG-Premier League,2425,Bournemouth,Justin Kluivert,NED,MF,25,1999,34,29,2340,26.0,12,6,18,6,6,6,8,0,0.46,0.23,0.69,0.23,0.46,NED,MF,25,1999,26.0,12,63,29,46.0,2.42,1.12,0.19,0.41,6,6,NED,MF,25,1999,26.0,8,0,0,46,33,6,86,13,9,,,0,0.46153846153846156,2.423076923076923,0.23076923076923078,3.3076923076923075,0.34615384615384615,0.5,1.7692307692307692,1.2692307692307692
39,ENG-Premier League,2425,Bournemouth,Kepa Arrizabalaga,ESP,GK,29,1994,31,31,2790,31.0,0,0,0,0,0,0,3,0,0.0,0.0,0.0,0.0,0.0,ESP,GK,29,1994,31.0,0,1,0,0.0,0.03,0.0,0.0,,0,0,ESP,GK,29,1994,31.0,3,0,0,2,6,0,0,0,0,,,0,0.0,0.03225806451612903,0.0,0.0,0.0,0.0,0.06451612903225806,0.1935483870967742
40,ENG-Premier League,2425,Bournemouth,Lewis Cook,ENG,"MF,DF",27,1997,36,32,2978,33.1,1,3,4,1,0,0,8,1,0.03,0.09,0.12,0.03,0.12,ENG,"MF,DF",27,1997,33.1,1,14,4,28.6,0.42,0.12,0.07,0.25,0,0,ENG,"MF,DF",27,1997,33.1,8,1,0,48,10,3,132,45,42,,,0,0.030211480362537763,0.4229607250755287,0.09063444108761329,3.9879154078549846,1.268882175226586,1.3595166163141994,1.4501510574018126,0.3021148036253776
41,ENG-Premier League,2425,Bournemouth,Marcos Senesi,ARG,DF,27,1997,17,13,1106,12.3,0,0,0,0,0,0,5,0,0.0,0.0,0.0,0.0,0.0,ARG,DF,27,1997,12.3,0,2,0,0.0,0.16,0.0,0.0,,0,0,ARG,DF,27,1997,12.3,5,0,0,22,8,1,11,14,19,,,0,0.0,0.16260162601626016,0.0,0.8943089430894309,1.5447154471544715,1.1382113821138211,1.7886178861788617,0.6504065040650406
42,ENG-Premier League,2425,Bournemouth,Marcus Tavernier,ENG,MF,25,1999,29,20,1939,21.5,3,5,8,3,0,0,6,0,0.14,0.23,0.37,0.14,0.37,ENG,MF,25,1999,21.5,3,57,17,29.8,2.65,0.79,0.05,0.18,0,0,ENG,MF,25,1999,21.5,6,0,0,34,28,4,108,4,22,,,0,0.13953488372093023,2.6511627906976742,0.23255813953488372,5.023255813953488,1.0232558139534884,0.18604651162790697,1.5813953488372092,1.302325581395349
43,ENG-Premier League,2425,Bournemouth,Milos Kerkez,HUN,DF,20,2003,38,38,3336,37.1,2,5,7,2,0,0,4,0,0.05,0.13,0.19,0.05,0.19,HUN,DF,20,2003,37.1,2,19,5,26.3,0.51,0.13,0.11,0.4,0,0,HUN,DF,20,2003,37.1,4,0,0,30,50,3,141,41,26,,,0,0.053908355795148244,0.5121293800539083,0.1347708894878706,3.8005390835579513,0.7008086253369272,1.105121293800539,0.8086253369272237,1.3477088948787062
44,ENG-Premier League,2425,Bournemouth,Ryan Christie,SCO,MF,29,1995,29,27,2117,23.5,2,3,5,2,0,0,9,0,0.09,0.13,0.21,0.09,0.21,SCO,MF,29,1995,23.5,2,33,12,36.4,1.4,0.51,0.06,0.17,0,0,SCO,MF,29,1995,23.5,9,0,0,42,31,1,47,30,33,,,0,0.0851063829787234,1.4042553191489362,0.1276595744680851,2.0,1.4042553191489362,1.2765957446808511,1.7872340425531914,1.3191489361702127
45,ENG-Premier League,2425,Bournemouth,Tyler Adams,USA,MF,25,1999,28,21,1965,21.8,0,3,3,0,0,0,7,0,0.0,0.14,0.14,0.0,0.14,USA,MF,25,1999,21.8,0,9,2,22.2,0.41,0.09,0.0,0.0,0,0,USA,MF,25,1999,21.8,7,0,0,46,21,0,2,30,56,,,0,0.0,0.4128440366972477,0.13761467889908258,0.09174311926605504,2.568807339449541,1.3761467889908257,2.110091743119266,0.963302752293578
46,ENG-Premier League,2425,Brentford,Bryan Mbeumo,CMR,"MF,FW",24,1999,38,38,3414,37.9,20,7,27,15,5,6,3,0,0.53,0.18,0.71,0.4,0.58,CMR,"MF,FW",24,1999,37.9,20,85,41,48.2,2.24,1.08,0.24,0.49,5,6,CMR,"MF,FW",24,1999,37.9,3,0,0,25,44,11,200,11,30,,,0,0.5277044854881267,2.242744063324538,0.18469656992084432,5.277044854881266,0.79155672823219,0.29023746701846964,0.6596306068601583,1.1609498680738786
47,ENG-Premier League,2425,Brentford,Christian Nørgaard,DEN,MF,30,1994,34,34,2819,31.3,5,4,9,5,0,0,8,1,0.16,0.13,0.29,0.16,0.29,DEN,MF,30,1994,31.3,5,39,16,41.0,1.25,0.51,0.13,0.31,0,0,DEN,MF,30,1994,31.3,8,1,0,44,28,1,18,46,47,,,0,0.1597444089456869,1.2460063897763578,0.12779552715654952,0.5750798722044729,1.5015974440894568,1.4696485623003195,1.4057507987220448,0.8945686900958466
48,ENG-Premier League,2425,Brentford,Ethan Pinnock,JAM,DF,31,1993,22,21,1913,21.3,2,0,2,2,0,0,2,0,0.09,0.0,0.09,0.09,0.09,JAM,DF,31,1993,21.3,2,10,6,60.0,0.47,0.28,0.2,0.33,0,0,JAM,DF,31,1993,21.3,2,0,0,8,4,0,9,23,15,,,1,0.09389671361502347,0.4694835680751174,0.0,0.4225352112676056,0.704225352112676,1.07981220657277,0.3755868544600939,0.18779342723004694
49,ENG-Premier League,2425,Brentford,Keane Lewis-Potter,ENG,"DF,MF",23,2001,38,36,3093,34.4,1,3,4,1,0,0,7,0,0.03,0.09,0.12,0.03,0.12,ENG,"DF,MF",23,2001,34.4,1,28,14,50.0,0.81,0.41,0.04,0.07,0,0,ENG,"DF,MF",23,2001,34.4,7,0,0,18,31,4,75,20,27,,,0,0.029069767441860465,0.813953488372093,0.0872093023255814,2.1802325581395348,0.7848837209302326,0.5813953488372093,0.5232558139534884,0.9011627906976745
50,ENG-Premier League,2425,Brentford,Kevin Schade,GER,"MF,FW",22,2001,38,26,2293,25.5,11,2,13,11,0,0,3,0,0.43,0.08,0.51,0.43,0.51,GER,"MF,FW",22,2001,25.5,11,55,27,49.1,2.16,1.06,0.2,0.41,0,0,GER,"MF,FW",22,2001,25.5,3,0,0,21,38,13,39,5,26,,,0,0.43137254901960786,2.156862745098039,0.0784313725490196,1.5294117647058822,1.0196078431372548,0.19607843137254902,0.8235294117647058,1.4901960784313726
51,ENG-Premier League,2425,Brentford,Kristoffer Ajer,NOR,DF,26,1998,24,17,1438,16.0,0,0,0,0,0,0,5,0,0.0,0.0,0.0,0.0,0.0,NOR,DF,26,1998,16.0,0,9,3,33.3,0.56,0.19,0.0,0.0,0,0,NOR,DF,26,1998,16.0,5,0,0,13,6,2,14,11,19,,,0,0.0,0.5625,0.0,0.875,1.1875,0.6875,0.8125,0.375
52,ENG-Premier League,2425,Brentford,Mads Roerslev,DEN,DF,25,1999,19,11,1101,12.2,0,2,2,0,0,0,2,0,0.0,0.16,0.16,0.0,0.16,DEN,DF,25,1999,12.2,0,5,2,40.0,0.41,0.16,0.0,0.0,0,0,DEN,DF,25,1999,12.2,2,0,0,6,10,0,30,4,8,,,0,0.0,0.4098360655737705,0.1639344262295082,2.459016393442623,0.6557377049180328,0.3278688524590164,0.49180327868852464,0.819672131147541
53,ENG-Premier League,2425,Brentford,Mark Flekken,NED,GK,31,1993,37,37,3275,36.4,0,2,2,0,0,0,1,0,0.0,0.05,0.05,0.0,0.05,NED,GK,31,1993,36.4,0,0,0,,0.0,0.0,,,0,0,NED,GK,31,1993,36.4,1,0,0,0,3,0,0,0,4,,,0,0.0,0.0,0.054945054945054944,0.0,0.10989010989010989,0.0,0.0,0.08241758241758242
54,ENG-Premier League,2425,Brentford,Mikkel Damsgaard,DEN,MF,24,2000,38,34,2911,32.3,2,10,12,2,0,0,2,0,0.06,0.31,0.37,0.06,0.37,DEN,MF,24,2000,32.3,2,35,7,20.0,1.08,0.22,0.06,0.29,0,0,DEN,MF,24,2000,32.3,2,0,0,18,27,6,147,29,44,,,0,0.061919504643962855,1.08359133126935,0.30959752321981426,4.5510835913312695,1.3622291021671828,0.8978328173374613,0.5572755417956656,0.8359133126934986
55,ENG-Premier League,2425,Brentford,Nathan Collins,IRL,DF,23,2001,38,38,3420,38.0,2,3,5,2,0,0,5,0,0.05,0.08,0.13,0.05,0.13,IRL,DF,23,2001,38.0,2,17,6,35.3,0.45,0.16,0.12,0.33,0,0,IRL,DF,23,2001,38.0,5,0,0,28,31,6,8,34,24,,,0,0.05263157894736842,0.4473684210526316,0.07894736842105263,0.21052631578947367,0.631578947368421,0.8947368421052632,0.7368421052631579,0.8157894736842105
56,ENG-Premier League,2425,Brentford,Sepp van den Berg,NED,DF,22,2001,31,29,2586,28.7,0,0,0,0,0,0,3,0,0.0,0.0,0.0,0.0,0.0,NED,DF,22,2001,28.7,0,20,6,30.0,0.7,0.21,0.0,0.0,0,0,NED,DF,22,2001,28.7,3,0,0,23,5,1,7,22,24,,,0,0.0,0.6968641114982579,0.0,0.24390243902439024,0.8362369337979094,0.7665505226480837,0.8013937282229965,0.17421602787456447
57,ENG-Premier League,2425,Brentford,Vitaly Janelt,GER,MF,26,1998,32,27,2254,25.0,1,3,4,1,0,0,3,0,0.04,0.12,0.16,0.04,0.16,GER,MF,26,1998,25.0,1,14,4,28.6,0.56,0.16,0.07,0.25,0,0,GER,MF,26,1998,25.0,3,0,0,25,15,1,31,27,24,,,2,0.04,0.56,0.12,1.24,0.96,1.08,1.0,0.6
58,ENG-Premier League,2425,Brentford,Yehor Yarmoliuk,UKR,MF,20,2004,31,15,1450,16.1,0,0,0,0,0,0,6,0,0.0,0.0,0.0,0.0,0.0,UKR,MF,20,2004,16.1,0,9,2,22.2,0.56,0.12,0.0,0.0,0,0,UKR,MF,20,2004,16.1,6,0,0,19,13,2,16,13,30,,,0,0.0,0.5590062111801242,0.0,0.9937888198757763,1.8633540372670805,0.8074534161490683,1.1801242236024843,0.8074534161490683
59,ENG-Premier League,2425,Brentford,Yoane Wissa,COD,FW,27,1996,35,34,2919,32.4,19,4,23,19,0,0,5,0,0.59,0.12,0.71,0.59,0.71,COD,FW,27,1996,32.4,19,90,43,47.8,2.77,1.33,0.21,0.44,0,0,COD,FW,27,1996,32.4,5,0,0,33,51,14,19,8,13,,,0,0.5864197530864198,2.7777777777777777,0.1234567901234568,0.5864197530864198,0.4012345679012346,0.2469135802469136,1.0185185185185186,1.5740740740740742
60,ENG-Premier League,2425,Brighton,Bart Verbruggen,NED,GK,21,2002,36,36,3240,36.0,0,1,1,0,0,0,5,0,0.0,0.03,0.03,0.0,0.03,NED,GK,21,2002,36.0,0,0,0,,0.0,0.0,,,0,0,NED,GK,21,2002,36.0,5,0,0,0,2,0,0,0,0,,,0,0.0,0.0,0.027777777777777776,0.0,0.0,0.0,0.0,0.05555555555555555
61,ENG-Premier League,2425,Brighton,Carlos Baleba,CMR,MF,20,2004,34,31,2661,29.6,3,1,4,3,0,0,8,1,0.1,0.03,0.14,0.1,0.14,CMR,MF,20,2004,29.6,3,44,11,25.0,1.49,0.37,0.07,0.27,0,0,CMR,MF,20,2004,29.6,8,1,1,39,47,0,9,49,44,,,0,0.10135135135135134,1.4864864864864864,0.03378378378378378,0.30405405405405406,1.4864864864864864,1.6554054054054053,1.3175675675675675,1.5878378378378377
62,ENG-Premier League,2425,Brighton,Danny Welbeck,ENG,FW,33,1990,30,24,2115,23.5,10,4,14,9,1,1,5,0,0.43,0.17,0.6,0.38,0.55,ENG,FW,33,1990,23.5,10,60,24,40.0,2.55,1.02,0.17,0.42,1,1,ENG,FW,33,1990,23.5,5,0,0,11,23,4,3,5,16,,,0,0.425531914893617,2.5531914893617023,0.1702127659574468,0.1276595744680851,0.6808510638297872,0.2127659574468085,0.46808510638297873,0.9787234042553191
63,ENG-Premier League,2425,Brighton,Georginio Rutter,FRA,"MF,FW",22,2002,28,19,1656,18.4,5,3,8,5,0,0,2,0,0.27,0.16,0.43,0.27,0.43,FRA,"MF,FW",22,2002,18.4,5,50,12,24.0,2.72,0.65,0.1,0.42,0,0,FRA,"MF,FW",22,2002,18.4,2,0,0,34,45,7,9,11,14,,,0,0.27173913043478265,2.717391304347826,0.16304347826086957,0.48913043478260876,0.7608695652173914,0.5978260869565218,1.847826086956522,2.4456521739130435
64,ENG-Premier League,2425,Brighton,Igor,BRA,DF,26,1998,13,10,961,10.7,0,0,0,0,0,0,4,0,0.0,0.0,0.0,0.0,0.0,BRA,DF,26,1998,10.7,0,1,0,0.0,0.09,0.0,0.0,,0,0,BRA,DF,26,1998,10.7,4,0,0,9,7,0,4,4,5,,,0,0.0,0.09345794392523366,0.0,0.3738317757009346,0.4672897196261683,0.3738317757009346,0.8411214953271029,0.6542056074766356
65,ENG-Premier League,2425,Brighton,Jack Hinshelwood,ENG,"MF,DF",19,2005,26,22,1842,20.5,5,2,7,5,0,0,5,0,0.24,0.1,0.34,0.24,0.34,ENG,"MF,DF",19,2005,20.5,5,18,10,55.6,0.88,0.49,0.28,0.5,0,0,ENG,"MF,DF",19,2005,20.5,5,0,0,18,9,0,28,11,19,,,0,0.24390243902439024,0.8780487804878049,0.0975609756097561,1.3658536585365855,0.926829268292683,0.5365853658536586,0.8780487804878049,0.43902439024390244
66,ENG-Premier League,2425,Brighton,Jan Paul van Hecke,NED,DF,24,2000,34,33,2958,32.9,1,1,2,1,0,0,8,1,0.03,0.03,0.06,0.03,0.06,NED,DF,24,2000,32.9,1,17,5,29.4,0.52,0.15,0.06,0.2,0,0,NED,DF,24,2000,32.9,8,1,1,25,24,0,11,25,29,,,0,0.030395136778115502,0.5167173252279635,0.030395136778115502,0.3343465045592705,0.8814589665653496,0.7598784194528876,0.7598784194528876,0.729483282674772
67,ENG-Premier League,2425,Brighton,João Pedro,BRA,"FW,MF",22,2001,27,23,1948,21.6,10,6,16,5,5,5,4,1,0.46,0.28,0.74,0.23,0.51,BRA,"FW,MF",22,2001,21.6,10,47,20,42.6,2.17,0.92,0.21,0.5,5,5,BRA,"FW,MF",22,2001,21.6,4,1,0,27,45,2,22,8,12,,,0,0.4629629629629629,2.1759259259259256,0.27777777777777773,1.0185185185185184,0.5555555555555555,0.37037037037037035,1.25,2.083333333333333
68,ENG-Premier League,2425,Brighton,Joël Veltman,NED,DF,32,1992,21,19,1697,18.9,0,0,0,0,0,0,5,0,0.0,0.0,0.0,0.0,0.0,NED,DF,32,1992,18.9,0,6,1,16.7,0.32,0.05,0.0,0.0,0,0,NED,DF,32,1992,18.9,5,0,0,27,44,0,24,20,29,,,0,0.0,0.3174603174603175,0.0,1.26984126984127,1.5343915343915344,1.0582010582010584,1.4285714285714286,2.3280423280423284
69,ENG-Premier League,2425,Brighton,Kaoru Mitoma,JPN,MF,27,1997,36,28,2603,28.9,10,4,14,10,0,0,1,0,0.35,0.14,0.48,0.35,0.48,JPN,MF,27,1997,28.9,10,57,27,47.4,1.97,0.93,0.18,0.37,0,0,JPN,MF,27,1997,28.9,1,0,0,40,24,5,72,12,27,,,0,0.34602076124567477,1.972318339100346,0.1384083044982699,2.491349480968858,0.9342560553633218,0.4152249134948097,1.384083044982699,0.8304498269896194
70,ENG-Premier League,2425,Brighton,Lewis Dunk,ENG,DF,32,1991,25,23,2083,23.1,0,0,0,0,0,0,5,0,0.0,0.0,0.0,0.0,0.0,ENG,DF,32,1991,23.1,0,12,3,25.0,0.52,0.13,0.0,0.0,0,0,ENG,DF,32,1991,23.1,5,0,0,7,11,2,5,12,11,,,1,0.0,0.5194805194805194,0.0,0.21645021645021645,0.47619047619047616,0.5194805194805194,0.30303030303030304,0.47619047619047616
71,ENG-Premier League,2425,Brighton,Mats Wieffer,NED,"DF,MF",24,1999,25,10,1015,11.3,1,3,4,1,0,0,6,0,0.09,0.27,0.35,0.09,0.35,NED,"DF,MF",24,1999,11.3,1,9,4,44.4,0.8,0.35,0.11,0.25,0,0,NED,"DF,MF",24,1999,11.3,6,0,0,23,10,1,14,16,34,,,0,0.08849557522123894,0.7964601769911503,0.2654867256637168,1.238938053097345,3.0088495575221237,1.415929203539823,2.0353982300884956,0.8849557522123893
72,ENG-Premier League,2425,Brighton,Matt O'Riley,DEN,MF,23,2000,21,11,938,10.4,2,2,4,1,1,1,1,0,0.19,0.19,0.38,0.1,0.29,DEN,MF,23,2000,10.4,2,22,7,31.8,2.11,0.67,0.09,0.29,1,1,DEN,MF,23,2000,10.4,1,0,0,16,13,2,50,13,8,,,1,0.1923076923076923,2.1153846153846154,0.1923076923076923,4.8076923076923075,0.7692307692307692,1.25,1.5384615384615383,1.25
73,ENG-Premier League,2425,Brighton,Pervis Estupiñán,ECU,DF,26,1998,30,26,2402,26.7,1,1,2,1,0,0,5,0,0.04,0.04,0.07,0.04,0.07,ECU,DF,26,1998,26.7,1,28,9,32.1,1.05,0.34,0.04,0.11,0,0,ECU,DF,26,1998,26.7,5,0,0,36,20,3,119,39,44,,,0,0.03745318352059925,1.0486891385767791,0.03745318352059925,4.456928838951311,1.647940074906367,1.4606741573033708,1.348314606741573,0.7490636704119851
74,ENG-Premier League,2425,Brighton,Simon Adingra,CIV,MF,22,2002,29,12,1097,12.2,2,2,4,2,0,0,0,0,0.16,0.16,0.33,0.16,0.33,CIV,MF,22,2002,12.2,2,33,8,24.2,2.71,0.66,0.06,0.25,0,0,CIV,MF,22,2002,12.2,0,0,0,13,4,4,42,9,16,,,0,0.1639344262295082,2.7049180327868854,0.1639344262295082,3.4426229508196724,1.3114754098360657,0.7377049180327869,1.0655737704918034,0.3278688524590164
75,ENG-Premier League,2425,Brighton,Yankuba Minteh,GAM,MF,20,2004,32,20,1838,20.4,6,4,10,6,0,0,6,0,0.29,0.2,0.49,0.29,0.49,GAM,MF,20,2004,20.4,6,34,16,47.1,1.66,0.78,0.18,0.38,0,0,GAM,MF,20,2004,20.4,6,0,0,21,11,6,90,12,36,,,0,0.29411764705882354,1.6666666666666667,0.19607843137254904,4.411764705882353,1.7647058823529413,0.5882352941176471,1.0294117647058825,0.5392156862745099
76,ENG-Premier League,2425,Brighton,Yasin Ayari,SWE,MF,20,2003,34,22,1965,21.8,2,1,3,2,0,0,3,0,0.09,0.05,0.14,0.09,0.14,SWE,MF,20,2003,21.8,2,28,8,28.6,1.28,0.37,0.07,0.25,0,0,SWE,MF,20,2003,21.8,3,0,0,36,26,3,70,20,32,,,0,0.09174311926605504,1.2844036697247705,0.04587155963302752,3.2110091743119265,1.4678899082568806,0.9174311926605504,1.6513761467889907,1.1926605504587156
77,ENG-Premier League,2425,Chelsea,Christopher Nkunku,FRA,"MF,FW",26,1997,27,9,921,10.2,3,2,5,3,0,0,2,0,0.29,0.2,0.49,0.29,0.49,FRA,"MF,FW",26,1997,10.2,3,25,12,48.0,2.44,1.17,0.12,0.25,0,0,FRA,"MF,FW",26,1997,10.2,2,0,0,16,11,3,6,7,8,,,0,0.29411764705882354,2.450980392156863,0.19607843137254904,0.5882352941176471,0.7843137254901962,0.6862745098039216,1.5686274509803924,1.0784313725490198
78,ENG-Premier League,2425,Chelsea,Cole Palmer,ENG,MF,22,2002,37,36,3191,35.5,15,8,23,11,4,5,7,0,0.42,0.23,0.65,0.31,0.54,ENG,MF,22,2002,35.5,15,126,51,40.5,3.55,1.44,0.12,0.29,4,5,ENG,MF,22,2002,35.5,7,0,0,15,60,7,145,10,18,,,0,0.4225352112676056,3.5492957746478875,0.22535211267605634,4.084507042253521,0.5070422535211268,0.28169014084507044,0.4225352112676056,1.6901408450704225
79,ENG-Premier League,2425,Chelsea,Enzo Fernández,ARG,MF,23,2001,36,32,2947,32.7,6,7,13,6,0,0,8,0,0.18,0.21,0.4,0.18,0.4,ARG,MF,23,2001,32.7,6,53,20,37.7,1.62,0.61,0.11,0.3,0,0,ARG,MF,23,2001,32.7,8,0,0,52,54,2,111,13,32,,,0,0.18348623853211007,1.620795107033639,0.21406727828746175,3.3944954128440363,0.9785932721712537,0.39755351681957185,1.5902140672782874,1.6513761467889907
80,ENG-Premier League,2425,Chelsea,Jadon Sancho,ENG,MF,24,2000,31,19,1764,19.6,3,4,7,3,0,0,2,0,0.15,0.2,0.36,0.15,0.36,ENG,MF,24,2000,19.6,3,24,8,33.3,1.22,0.41,0.13,0.38,0,0,ENG,MF,24,2000,19.6,2,0,0,6,11,6,24,2,7,,,0,0.1530612244897959,1.2244897959183672,0.2040816326530612,1.2244897959183672,0.3571428571428571,0.1020408163265306,0.3061224489795918,0.5612244897959183
81,ENG-Premier League,2425,Chelsea,Levi Colwill,ENG,DF,21,2003,35,35,3149,35.0,2,1,3,2,0,0,9,0,0.06,0.03,0.09,0.06,0.09,ENG,DF,21,2003,35.0,2,17,4,23.5,0.49,0.11,0.12,0.5,0,0,ENG,DF,21,2003,35.0,9,0,0,46,21,4,12,32,35,,,0,0.05714285714285714,0.4857142857142857,0.02857142857142857,0.34285714285714286,1.0,0.9142857142857143,1.3142857142857143,0.6
82,ENG-Premier League,2425,Chelsea,Malo Gusto,FRA,DF,21,2003,32,19,1862,20.7,0,1,1,0,0,0,4,0,0.0,0.05,0.05,0.0,0.05,FRA,DF,21,2003,20.7,0,22,5,22.7,1.06,0.24,0.0,0.0,0,0,FRA,DF,21,2003,20.7,4,0,0,20,20,2,54,25,31,,,0,0.0,1.0628019323671498,0.04830917874396135,2.608695652173913,1.497584541062802,1.2077294685990339,0.9661835748792271,0.9661835748792271
83,ENG-Premier League,2425,Chelsea,Marc Cucurella,ESP,DF,26,1998,36,33,2988,33.2,5,1,6,5,0,0,10,1,0.15,0.03,0.18,0.15,0.18,ESP,DF,26,1998,33.2,5,24,12,50.0,0.72,0.36,0.21,0.42,0,0,ESP,DF,26,1998,33.2,10,1,1,37,38,3,29,26,46,,,0,0.1506024096385542,0.7228915662650601,0.03012048192771084,0.8734939759036143,1.3855421686746987,0.7831325301204819,1.114457831325301,1.1445783132530118
84,ENG-Premier League,2425,Chelsea,Moisés Caicedo,ECU,"MF,DF",22,2001,38,38,3351,37.2,1,2,3,1,0,0,11,0,0.03,0.05,0.08,0.03,0.08,ECU,"MF,DF",22,2001,37.2,1,20,3,15.0,0.54,0.08,0.05,0.33,0,0,ECU,"MF,DF",22,2001,37.2,11,0,0,69,58,0,10,47,74,,,0,0.026881720430107524,0.5376344086021505,0.05376344086021505,0.26881720430107525,1.9892473118279568,1.2634408602150538,1.8548387096774193,1.5591397849462365
85,ENG-Premier League,2425,Chelsea,Nicolas Jackson,SEN,FW,23,2001,30,28,2220,24.7,10,5,15,10,0,0,7,1,0.41,0.2,0.61,0.41,0.61,SEN,FW,23,2001,24.7,10,76,35,46.1,3.08,1.42,0.13,0.29,0,0,SEN,FW,23,2001,24.7,7,1,0,35,29,23,3,3,11,,,0,0.4048582995951417,3.076923076923077,0.20242914979757085,0.12145748987854252,0.4453441295546559,0.12145748987854252,1.417004048582996,1.174089068825911
86,ENG-Premier League,2425,Chelsea,Noni Madueke,ENG,MF,22,2002,32,27,2033,22.6,7,3,10,7,0,0,3,0,0.31,0.13,0.44,0.31,0.44,ENG,MF,22,2002,22.6,7,80,32,40.0,3.54,1.42,0.09,0.22,0,0,ENG,MF,22,2002,22.6,3,0,0,22,24,5,63,8,18,,,0,0.30973451327433627,3.5398230088495573,0.1327433628318584,2.787610619469026,0.7964601769911503,0.35398230088495575,0.9734513274336283,1.0619469026548671
87,ENG-Premier League,2425,Chelsea,Pedro Neto,POR,"MF,FW",24,2000,35,24,2269,25.2,4,6,10,4,0,0,8,0,0.16,0.24,0.4,0.16,0.4,POR,"MF,FW",24,2000,25.2,4,59,17,28.8,2.34,0.67,0.07,0.24,0,0,POR,"MF,FW",24,2000,25.2,8,0,0,21,33,3,149,8,10,,,0,0.15873015873015872,2.3412698412698414,0.2380952380952381,5.912698412698413,0.39682539682539686,0.31746031746031744,0.8333333333333334,1.3095238095238095
88,ENG-Premier League,2425,Chelsea,Reece James,ENG,"DF,MF",24,1999,19,12,1063,11.8,1,1,2,1,0,0,1,0,0.08,0.08,0.17,0.08,0.17,ENG,"DF,MF",24,1999,11.8,1,11,3,27.3,0.93,0.25,0.09,0.33,0,0,ENG,"DF,MF",24,1999,11.8,1,0,0,8,11,0,43,14,9,,,0,0.0847457627118644,0.9322033898305084,0.0847457627118644,3.644067796610169,0.7627118644067796,1.1864406779661016,0.6779661016949152,0.9322033898305084
89,ENG-Premier League,2425,Chelsea,Robert Sánchez,ESP,GK,26,1997,32,32,2880,32.0,0,0,0,0,0,0,5,0,0.0,0.0,0.0,0.0,0.0,ESP,GK,26,1997,32.0,0,0,0,,0.0,0.0,,,0,0,ESP,GK,26,1997,32.0,5,0,0,2,4,0,0,2,0,,,0,0.0,0.0,0.0,0.0,0.0,0.0625,0.0625,0.125
90,ENG-Premier League,2425,Chelsea,Tosin Adarabioyo,ENG,DF,26,1997,22,15,1409,15.7,1,1,2,1,0,0,4,0,0.06,0.06,0.13,0.06,0.13,ENG,DF,26,1997,15.7,1,13,2,15.4,0.83,0.13,0.08,0.5,0,0,ENG,DF,26,1997,15.7,4,0,0,8,9,1,0,10,13,,,0,0.06369426751592357,0.8280254777070064,0.06369426751592357,0.0,0.8280254777070064,0.6369426751592357,0.5095541401273885,0.5732484076433121
91,ENG-Premier League,2425,Chelsea,Trevoh Chalobah,ENG,DF,25,1999,13,11,910,10.1,0,1,1,0,0,0,2,0,0.0,0.1,0.1,0.0,0.1,ENG,DF,25,1999,10.1,0,7,3,42.9,0.69,0.3,0.0,0.0,0,0,ENG,DF,25,1999,10.1,2,0,0,9,7,0,3,9,7,,,0,0.0,0.6930693069306931,0.09900990099009901,0.297029702970297,0.6930693069306931,0.8910891089108911,0.8910891089108911,0.6930693069306931
92,ENG-Premier League,2425,Chelsea,Wesley Fofana,FRA,DF,23,2000,14,14,1172,13.0,0,0,0,0,0,0,7,0,0.0,0.0,0.0,0.0,0.0,FRA,DF,23,2000,13.0,0,3,0,0.0,0.23,0.0,0.0,,0,0,FRA,DF,23,2000,13.0,7,0,0,24,16,0,1,12,11,,,0,0.0,0.23076923076923078,0.0,0.07692307692307693,0.8461538461538461,0.9230769230769231,1.8461538461538463,1.2307692307692308
93,ENG-Premier League,2425,Crystal Palace,Adam Wharton,ENG,MF,20,2004,20,16,1318,14.6,0,2,2,0,0,0,2,0,0.0,0.14,0.14,0.0,0.14,ENG,MF,20,2004,14.6,0,13,5,38.5,0.89,0.34,0.0,0.0,0,0,ENG,MF,20,2004,14.6,2,0,0,12,21,0,39,19,16,,,0,0.0,0.8904109589041096,0.136986301369863,2.671232876712329,1.095890410958904,1.3013698630136987,0.8219178082191781,1.4383561643835616
94,ENG-Premier League,2425,Crystal Palace,Chris Richards,USA,DF,24,2000,24,22,1922,21.4,1,0,1,1,0,0,4,1,0.05,0.0,0.05,0.05,0.05,USA,DF,24,2000,21.4,1,12,6,50.0,0.56,0.28,0.08,0.17,0,0,USA,DF,24,2000,21.4,4,1,1,11,5,1,5,18,30,,,0,0.04672897196261683,0.5607476635514019,0.0,0.23364485981308414,1.4018691588785048,0.8411214953271029,0.5140186915887851,0.23364485981308414
95,ENG-Premier League,2425,Crystal Palace,Daichi Kamada,JPN,MF,27,1996,34,15,1564,17.4,0,0,0,0,0,0,4,1,0.0,0.0,0.0,0.0,0.0,JPN,MF,27,1996,17.4,0,20,4,20.0,1.15,0.23,0.0,0.0,0,0,JPN,MF,27,1996,17.4,4,1,0,28,21,2,32,18,29,,,0,0.0,1.149425287356322,0.0,1.8390804597701151,1.6666666666666667,1.0344827586206897,1.6091954022988506,1.2068965517241381
96,ENG-Premier League,2425,Crystal Palace,Daniel Muñoz,COL,MF,28,1996,37,37,3228,35.9,4,5,9,4,0,0,10,0,0.11,0.14,0.25,0.11,0.25,COL,MF,28,1996,35.9,4,37,18,48.6,1.03,0.5,0.11,0.22,0,0,COL,MF,28,1996,35.9,10,0,0,56,19,15,74,43,77,,,0,0.11142061281337048,1.0306406685236769,0.1392757660167131,2.0612813370473537,2.1448467966573816,1.1977715877437327,1.5598885793871866,0.5292479108635098
97,ENG-Premier League,2425,Crystal Palace,Dean Henderson,ENG,GK,27,1997,38,38,3420,38.0,0,0,0,0,0,0,3,0,0.0,0.0,0.0,0.0,0.0,ENG,GK,27,1997,38.0,0,1,0,0.0,0.03,0.0,0.0,,0,0,ENG,GK,27,1997,38.0,3,0,0,0,2,0,0,1,1,,,0,0.0,0.02631578947368421,0.0,0.0,0.02631578947368421,0.02631578947368421,0.0,0.05263157894736842
98,ENG-Premier League,2425,Crystal Palace,Eberechi Eze,ENG,MF,26,1998,34,31,2588,28.8,8,8,16,7,1,2,1,0,0.28,0.28,0.56,0.24,0.52,ENG,MF,26,1998,28.8,8,102,29,28.4,3.55,1.01,0.08,0.28,1,2,ENG,MF,26,1998,28.8,1,0,0,13,51,9,110,10,21,,,0,0.2777777777777778,3.5416666666666665,0.2777777777777778,3.819444444444444,0.7291666666666666,0.3472222222222222,0.4513888888888889,1.7708333333333333
99,ENG-Premier League,2425,Crystal Palace,Eddie Nketiah,ENG,"FW,MF",25,1999,29,9,1034,11.5,3,1,4,3,0,0,6,1,0.26,0.09,0.35,0.26,0.35,ENG,"FW,MF",25,1999,11.5,3,43,16,37.2,3.74,1.39,0.07,0.19,0,0,ENG,"FW,MF",25,1999,11.5,6,1,1,31,29,5,5,2,8,,,0,0.2608695652173913,3.739130434782609,0.08695652173913043,0.43478260869565216,0.6956521739130435,0.17391304347826086,2.6956521739130435,2.5217391304347827
100,ENG-Premier League,2425,Crystal Palace,Ismaila Sarr,SEN,MF,26,1998,38,30,2711,30.1,8,6,14,8,0,0,4,0,0.27,0.2,0.46,0.27,0.46,SEN,MF,26,1998,30.1,8,59,29,49.2,1.96,0.96,0.14,0.28,0,0,SEN,MF,26,1998,30.1,4,0,0,14,55,11,55,8,11,,,0,0.26578073089700993,1.9601328903654485,0.19933554817275748,1.8272425249169435,0.3654485049833887,0.26578073089700993,0.46511627906976744,1.8272425249169435
101,ENG-Premier League,2425,Crystal Palace,Jean-Philippe Mateta,FRA,FW,27,1997,37,33,2648,29.4,14,2,16,12,2,2,2,0,0.48,0.07,0.54,0.41,0.48,FRA,FW,27,1997,29.4,14,69,33,47.8,2.35,1.12,0.2,0.42,2,2,FRA,FW,27,1997,29.4,2,0,0,27,29,22,26,2,12,,,0,0.4761904761904762,2.3469387755102042,0.06802721088435375,0.8843537414965987,0.40816326530612246,0.06802721088435375,0.9183673469387755,0.9863945578231293
102,ENG-Premier League,2425,Crystal Palace,Jefferson Lerma,COL,"MF,DF",29,1994,33,26,2274,25.3,0,1,1,0,0,0,9,0,0.0,0.04,0.04,0.0,0.04,COL,"MF,DF",29,1994,25.3,0,26,8,30.8,1.03,0.32,0.0,0.0,0,0,COL,"MF,DF",29,1994,25.3,9,0,0,35,39,0,12,41,19,,,0,0.0,1.0276679841897234,0.039525691699604744,0.4743083003952569,0.7509881422924901,1.6205533596837944,1.383399209486166,1.541501976284585
103,ENG-Premier League,2425,Crystal Palace,Marc Guéhi,ENG,DF,24,2000,34,34,3059,34.0,3,2,5,3,0,0,9,1,0.09,0.06,0.15,0.09,0.15,ENG,DF,24,2000,34.0,3,15,7,46.7,0.44,0.21,0.2,0.43,0,0,ENG,DF,24,2000,34.0,9,1,1,23,27,1,13,29,32,,,3,0.08823529411764706,0.4411764705882353,0.058823529411764705,0.38235294117647056,0.9411764705882353,0.8529411764705882,0.6764705882352942,0.7941176470588235
104,ENG-Premier League,2425,Crystal Palace,Maxence Lacroix,FRA,DF,24,2000,35,35,3116,34.6,1,1,2,1,0,0,5,0,0.03,0.03,0.06,0.03,0.06,FRA,DF,24,2000,34.6,1,30,6,20.0,0.87,0.17,0.03,0.17,0,0,FRA,DF,24,2000,34.6,5,0,0,34,19,1,7,54,42,,,0,0.028901734104046242,0.8670520231213873,0.028901734104046242,0.20231213872832368,1.2138728323699421,1.560693641618497,0.9826589595375722,0.5491329479768786
105,ENG-Premier League,2425,Crystal Palace,Trevoh Chalobah,ENG,DF,25,1999,12,12,1060,11.8,3,0,3,3,0,0,1,0,0.25,0.0,0.25,0.25,0.25,ENG,DF,25,1999,11.8,3,11,4,36.4,0.93,0.34,0.27,0.75,0,0,ENG,DF,25,1999,11.8,1,0,0,10,15,1,7,20,15,,,0,0.2542372881355932,0.9322033898305084,0.0,0.5932203389830508,1.271186440677966,1.694915254237288,0.847457627118644,1.271186440677966
106,ENG-Premier League,2425,Crystal Palace,Tyrick Mitchell,ENG,MF,24,1999,37,37,3092,34.4,0,5,5,0,0,0,2,0,0.0,0.15,0.15,0.0,0.15,ENG,MF,24,1999,34.4,0,12,3,25.0,0.35,0.09,0.0,0.0,0,0,ENG,MF,24,1999,34.4,2,0,0,23,25,2,107,21,53,,,0,0.0,0.3488372093023256,0.14534883720930233,3.11046511627907,1.5406976744186047,0.6104651162790697,0.6686046511627908,0.7267441860465117
107,ENG-Premier League,2425,Crystal Palace,Will Hughes,ENG,MF,29,1995,33,24,2108,23.4,0,3,3,0,0,0,11,0,0.0,0.13,0.13,0.0,0.13,ENG,MF,29,1995,23.4,0,22,1,4.5,0.94,0.04,0.0,0.0,0,0,ENG,MF,29,1995,23.4,11,0,0,65,31,0,70,21,36,,,0,0.0,0.9401709401709403,0.12820512820512822,2.9914529914529915,1.5384615384615385,0.8974358974358975,2.777777777777778,1.324786324786325
108,ENG-Premier League,2425,Everton,Abdoulaye Doucouré,MLI,MF,31,1993,33,31,2564,28.5,3,2,5,3,0,0,5,1,0.11,0.07,0.18,0.11,0.18,MLI,MF,31,1993,28.5,3,31,10,32.3,1.09,0.35,0.1,0.3,0,0,MLI,MF,31,1993,28.5,5,1,1,49,5,10,23,11,28,,,0,0.10526315789473684,1.087719298245614,0.07017543859649122,0.8070175438596491,0.9824561403508771,0.38596491228070173,1.719298245614035,0.17543859649122806
109,ENG-Premier League,2425,Everton,Ashley Young,ENG,DF,39,1985,32,19,1875,20.8,1,3,4,1,0,0,7,1,0.05,0.14,0.19,0.05,0.19,ENG,DF,39,1985,20.8,1,6,3,50.0,0.29,0.14,0.17,0.33,0,0,ENG,DF,39,1985,20.8,7,1,0,30,22,0,75,26,36,,,0,0.04807692307692307,0.28846153846153844,0.14423076923076922,3.605769230769231,1.7307692307692306,1.25,1.4423076923076923,1.0576923076923077
110,ENG-Premier League,2425,Everton,Beto,GNB,FW,26,1998,30,15,1534,17.0,8,0,8,8,0,0,2,0,0.47,0.0,0.47,0.47,0.47,GNB,FW,26,1998,17.0,8,49,23,46.9,2.87,1.35,0.16,0.35,0,0,GNB,FW,26,1998,17.0,2,0,0,33,23,16,4,4,7,,,0,0.47058823529411764,2.8823529411764706,0.0,0.23529411764705882,0.4117647058823529,0.23529411764705882,1.9411764705882353,1.3529411764705883
111,ENG-Premier League,2425,Everton,Dominic Calvert-Lewin,ENG,FW,27,1997,26,19,1609,17.9,3,1,4,3,0,0,2,0,0.17,0.06,0.22,0.17,0.22,ENG,FW,27,1997,17.9,3,50,20,40.0,2.8,1.12,0.06,0.15,0,0,ENG,FW,27,1997,17.9,2,0,0,27,23,27,6,7,7,,,0,0.1675977653631285,2.7932960893854752,0.0558659217877095,0.335195530726257,0.3910614525139665,0.3910614525139665,1.5083798882681565,1.2849162011173185
112,ENG-Premier League,2425,Everton,Dwight McNeil,ENG,MF,24,1999,21,15,1371,15.2,4,6,10,4,0,0,1,0,0.26,0.39,0.66,0.26,0.66,ENG,MF,24,1999,15.2,4,24,10,41.7,1.58,0.66,0.17,0.4,0,0,ENG,MF,24,1999,15.2,1,0,0,6,18,1,104,6,8,,,0,0.2631578947368421,1.5789473684210527,0.39473684210526316,6.842105263157895,0.5263157894736842,0.39473684210526316,0.39473684210526316,1.1842105263157896
113,ENG-Premier League,2425,Everton,Idrissa Gueye,SEN,MF,34,1989,37,35,3063,34.0,0,3,3,0,0,0,9,0,0.0,0.09,0.09,0.0,0.09,SEN,MF,34,1989,34.0,0,27,5,18.5,0.79,0.15,0.0,0.0,0,0,SEN,MF,34,1989,34.0,9,0,0,55,46,0,7,46,76,,,0,0.0,0.7941176470588235,0.08823529411764706,0.20588235294117646,2.235294117647059,1.3529411764705883,1.6176470588235294,1.3529411764705883
114,ENG-Premier League,2425,Everton,Iliman Ndiaye,SEN,"MF,FW",24,2000,33,29,2430,27.0,9,0,9,7,2,2,3,0,0.33,0.0,0.33,0.26,0.26,SEN,"MF,FW",24,2000,27.0,9,37,17,45.9,1.37,0.63,0.24,0.53,2,2,SEN,"MF,FW",24,2000,27.0,3,0,0,24,52,5,37,19,27,,,0,0.3333333333333333,1.3703703703703705,0.0,1.3703703703703705,1.0,0.7037037037037037,0.8888888888888888,1.9259259259259258
115,ENG-Premier League,2425,Everton,Jack Harrison,ENG,"MF,FW",27,1996,34,24,2076,23.1,1,0,1,1,0,0,0,0,0.04,0.0,0.04,0.04,0.04,ENG,"MF,FW",27,1996,23.1,1,29,7,24.1,1.26,0.3,0.03,0.14,0,0,ENG,"MF,FW",27,1996,23.1,0,0,0,13,28,4,131,9,23,,,0,0.04329004329004329,1.2554112554112553,0.0,5.670995670995671,0.9956709956709956,0.3896103896103896,0.5627705627705627,1.2121212121212122
116,ENG-Premier League,2425,Everton,Jake O'Brien,IRL,DF,23,2001,20,17,1571,17.5,2,0,2,2,0,0,5,0,0.11,0.0,0.11,0.11,0.11,IRL,DF,23,2001,17.5,2,6,3,50.0,0.34,0.17,0.33,0.67,0,0,IRL,DF,23,2001,17.5,5,0,0,13,4,3,18,4,17,,,0,0.11428571428571428,0.34285714285714286,0.0,1.0285714285714285,0.9714285714285714,0.22857142857142856,0.7428571428571429,0.22857142857142856
117,ENG-Premier League,2425,Everton,James Garner,ENG,"MF,DF",23,2001,21,17,1594,17.7,0,1,1,0,0,0,5,0,0.0,0.06,0.06,0.0,0.06,ENG,"MF,DF",23,2001,17.7,0,12,4,33.3,0.68,0.23,0.0,0.0,0,0,ENG,"MF,DF",23,2001,17.7,5,0,0,20,15,0,55,20,32,,,0,0.0,0.6779661016949153,0.05649717514124294,3.1073446327683616,1.807909604519774,1.1299435028248588,1.1299435028248588,0.8474576271186441
118,ENG-Premier League,2425,Everton,James Tarkowski,ENG,DF,31,1992,33,33,2922,32.5,1,1,2,1,0,0,6,0,0.03,0.03,0.06,0.03,0.06,ENG,DF,31,1992,32.5,1,15,4,26.7,0.46,0.12,0.07,0.25,0,0,ENG,DF,31,1992,32.5,6,0,0,35,29,1,1,37,40,,,0,0.03076923076923077,0.46153846153846156,0.03076923076923077,0.03076923076923077,1.2307692307692308,1.1384615384615384,1.0769230769230769,0.8923076923076924
119,ENG-Premier League,2425,Everton,Jarrad Branthwaite,ENG,DF,22,2002,30,28,2511,27.9,0,1,1,0,0,0,4,0,0.0,0.04,0.04,0.0,0.04,ENG,DF,22,2002,27.9,0,10,3,30.0,0.36,0.11,0.0,0.0,0,0,ENG,DF,22,2002,27.9,4,0,0,12,18,2,6,24,21,,,0,0.0,0.35842293906810035,0.03584229390681004,0.21505376344086022,0.7526881720430108,0.8602150537634409,0.43010752688172044,0.6451612903225806
120,ENG-Premier League,2425,Everton,Jesper Lindstrøm,DEN,MF,24,2000,25,15,1239,13.8,0,1,1,0,0,0,2,0,0.0,0.07,0.07,0.0,0.07,DEN,MF,24,2000,13.8,0,28,10,35.7,2.03,0.73,0.0,0.0,0,0,DEN,MF,24,2000,13.8,2,0,0,15,10,1,72,13,24,,,0,0.0,2.0289855072463765,0.07246376811594203,5.217391304347826,1.7391304347826086,0.9420289855072463,1.0869565217391304,0.7246376811594203
121,ENG-Premier League,2425,Everton,Jordan Pickford,ENG,GK,30,1994,38,38,3420,38.0,0,1,1,0,0,0,7,0,0.0,0.03,0.03,0.0,0.03,ENG,GK,30,1994,38.0,0,0,0,,0.0,0.0,,,0,0,ENG,GK,30,1994,38.0,7,0,0,0,7,0,0,1,1,,,0,0.0,0.0,0.02631578947368421,0.0,0.02631578947368421,0.02631578947368421,0.0,0.18421052631578946
122,ENG-Premier League,2425,Everton,Michael Keane,ENG,DF,31,1993,14,11,1049,11.7,3,0,3,3,0,0,5,0,0.26,0.0,0.26,0.26,0.26,ENG,DF,31,1993,11.7,3,10,4,40.0,0.86,0.34,0.3,0.75,0,0,ENG,DF,31,1993,11.7,5,0,0,9,0,0,1,13,10,,,0,0.25641025641025644,0.8547008547008548,0.0,0.08547008547008547,0.8547008547008548,1.1111111111111112,0.7692307692307693,0.0
123,ENG-Premier League,2425,Everton,Orel Mangala,BEL,MF,26,1998,19,14,1261,14.0,1,0,1,1,0,0,2,0,0.07,0.0,0.07,0.07,0.07,BEL,MF,26,1998,14.0,1,16,6,37.5,1.14,0.43,0.06,0.17,0,0,BEL,MF,26,1998,14.0,2,0,0,24,17,2,6,21,8,,,0,0.07142857142857142,1.1428571428571428,0.0,0.42857142857142855,0.5714285714285714,1.5,1.7142857142857142,1.2142857142857142
124,ENG-Premier League,2425,Everton,Vitaliy Mykolenko,UKR,DF,25,1999,35,35,3082,34.2,1,2,3,1,0,0,4,0,0.03,0.06,0.09,0.03,0.09,UKR,DF,25,1999,34.2,1,14,1,7.1,0.41,0.03,0.07,1.0,0,0,UKR,DF,25,1999,34.2,4,0,0,22,34,3,100,42,38,,,0,0.029239766081871343,0.4093567251461988,0.05847953216374269,2.923976608187134,1.111111111111111,1.2280701754385963,0.6432748538011696,0.9941520467836257
125,ENG-Premier League,2425,Fulham,Adama Traoré,ESP,MF,28,1996,36,18,1772,19.7,2,7,9,2,0,0,3,0,0.1,0.36,0.46,0.1,0.46,ESP,MF,28,1996,19.7,2,39,12,30.8,1.98,0.61,0.05,0.17,0,0,ESP,MF,28,1996,19.7,3,0,0,24,32,1,100,1,13,,,0,0.10152284263959391,1.9796954314720814,0.3553299492385787,5.0761421319796955,0.6598984771573604,0.050761421319796954,1.218274111675127,1.6243654822335025
126,ENG-Premier League,2425,Fulham,Alex Iwobi,NGA,MF,28,1996,38,35,2981,33.1,9,6,15,9,0,0,1,0,0.27,0.18,0.45,0.27,0.45,NGA,MF,28,1996,33.1,9,68,29,42.6,2.05,0.88,0.13,0.31,0,0,NGA,MF,28,1996,33.1,1,0,0,19,18,5,127,13,26,,,0,0.2719033232628399,2.0543806646525677,0.18126888217522658,3.836858006042296,0.7854984894259819,0.39274924471299094,0.5740181268882175,0.5438066465256798
127,ENG-Premier League,2425,Fulham,Andreas Pereira,BRA,MF,28,1996,33,25,2013,22.4,2,4,6,2,0,1,7,0,0.09,0.18,0.27,0.09,0.27,BRA,MF,28,1996,22.4,2,39,9,23.1,1.74,0.4,0.05,0.22,0,1,BRA,MF,28,1996,22.4,7,0,0,29,24,1,173,9,12,,,0,0.08928571428571429,1.7410714285714286,0.17857142857142858,7.7232142857142865,0.5357142857142857,0.4017857142857143,1.2946428571428572,1.0714285714285714
128,ENG-Premier League,2425,Fulham,Antonee Robinson,USA,"DF,MF",26,1997,36,35,3167,35.2,0,10,10,0,0,0,8,0,0.0,0.28,0.28,0.0,0.28,USA,"DF,MF",26,1997,35.2,0,16,2,12.5,0.45,0.06,0.0,0.0,0,0,USA,"DF,MF",26,1997,35.2,8,0,0,31,20,7,172,57,57,,,0,0.0,0.45454545454545453,0.28409090909090906,4.886363636363636,1.6193181818181817,1.6193181818181817,0.8806818181818181,0.5681818181818181
129,ENG-Premier League,2425,Fulham,Bernd Leno,GER,GK,32,1992,38,38,3420,38.0,0,1,1,0,0,0,5,0,0.0,0.03,0.03,0.0,0.03,GER,GK,32,1992,38.0,0,0,0,,0.0,0.0,,,0,0,GER,GK,32,1992,38.0,5,0,0,0,4,0,0,0,2,,,0,0.0,0.0,0.02631578947368421,0.0,0.05263157894736842,0.0,0.0,0.10526315789473684
130,ENG-Premier League,2425,Fulham,Calvin Bassey,NGA,DF,24,1999,35,34,3074,34.2,1,0,1,1,0,0,7,0,0.03,0.0,0.03,0.03,0.03,NGA,DF,24,1999,34.2,1,14,4,28.6,0.41,0.12,0.07,0.25,0,0,NGA,DF,24,1999,34.2,7,0,0,26,31,2,9,19,33,,,0,0.029239766081871343,0.4093567251461988,0.0,0.2631578947368421,0.9649122807017543,0.5555555555555555,0.7602339181286549,0.9064327485380116
131,ENG-Premier League,2425,Fulham,Emile Smith Rowe,ENG,MF,24,2000,34,25,2043,22.7,6,3,9,6,0,0,3,0,0.26,0.13,0.4,0.26,0.4,ENG,MF,24,2000,22.7,6,37,11,29.7,1.63,0.48,0.16,0.55,0,0,ENG,MF,24,2000,22.7,3,0,0,19,15,4,16,11,18,,,0,0.2643171806167401,1.6299559471365639,0.13215859030837004,0.7048458149779736,0.7929515418502203,0.4845814977973568,0.8370044052863437,0.6607929515418502
132,ENG-Premier League,2425,Fulham,Harry Wilson,WAL,"MF,FW",27,1997,25,12,1162,12.9,6,1,7,6,0,0,2,0,0.46,0.08,0.54,0.46,0.54,WAL,"MF,FW",27,1997,12.9,6,43,17,39.5,3.33,1.32,0.14,0.35,0,0,WAL,"MF,FW",27,1997,12.9,2,0,0,12,22,1,41,6,15,,,0,0.46511627906976744,3.333333333333333,0.07751937984496124,3.1782945736434107,1.1627906976744187,0.46511627906976744,0.9302325581395349,1.7054263565891472
133,ENG-Premier League,2425,Fulham,Issa Diop,MAR,DF,27,1997,21,15,1339,14.9,0,0,0,0,0,0,2,0,0.0,0.0,0.0,0.0,0.0,MAR,DF,27,1997,14.9,0,5,2,40.0,0.34,0.13,0.0,0.0,0,0,MAR,DF,27,1997,14.9,2,0,0,10,4,0,1,9,12,,,1,0.0,0.33557046979865773,0.0,0.06711409395973154,0.8053691275167785,0.6040268456375839,0.6711409395973155,0.2684563758389262
134,ENG-Premier League,2425,Fulham,Joachim Andersen,DEN,DF,28,1996,29,29,2583,28.7,0,0,0,0,0,0,6,1,0.0,0.0,0.0,0.0,0.0,DEN,DF,28,1996,28.7,0,19,5,26.3,0.66,0.17,0.0,0.0,0,0,DEN,DF,28,1996,28.7,6,1,0,18,19,0,12,33,16,,,1,0.0,0.662020905923345,0.0,0.4181184668989547,0.5574912891986062,1.1498257839721255,0.6271777003484321,0.662020905923345
135,ENG-Premier League,2425,Fulham,Kenny Tete,NED,DF,28,1995,22,21,1774,19.7,0,2,2,0,0,0,5,0,0.0,0.1,0.1,0.0,0.1,NED,DF,28,1995,19.7,0,24,2,8.3,1.22,0.1,0.0,0.0,0,0,NED,DF,28,1995,19.7,5,0,0,35,16,1,38,30,38,,,0,0.0,1.218274111675127,0.10152284263959391,1.9289340101522843,1.9289340101522843,1.5228426395939088,1.7766497461928934,0.8121827411167513
136,ENG-Premier League,2425,Fulham,Raúl Jiménez,MEX,FW,33,1991,38,30,2494,27.7,12,3,15,9,3,3,4,0,0.43,0.11,0.54,0.32,0.43,MEX,FW,33,1991,27.7,12,96,33,34.4,3.46,1.19,0.13,0.36,3,3,MEX,FW,33,1991,27.7,4,0,0,39,41,15,22,11,24,,,0,0.4332129963898917,3.4657039711191335,0.10830324909747292,0.7942238267148015,0.8664259927797834,0.39711191335740076,1.407942238267148,1.48014440433213
137,ENG-Premier League,2425,Fulham,Rodrigo Muniz,BRA,FW,23,2001,31,8,964,10.7,8,1,9,8,0,0,1,0,0.75,0.09,0.84,0.75,0.84,BRA,FW,23,2001,10.7,8,40,19,47.5,3.73,1.77,0.2,0.42,0,0,BRA,FW,23,2001,10.7,1,0,0,11,31,3,1,4,6,,,0,0.7476635514018692,3.738317757009346,0.09345794392523366,0.09345794392523366,0.5607476635514019,0.3738317757009346,1.0280373831775702,2.897196261682243
138,ENG-Premier League,2425,Fulham,Sander Berge,NOR,MF,26,1998,31,26,2224,24.7,0,0,0,0,0,0,6,0,0.0,0.0,0.0,0.0,0.0,NOR,MF,26,1998,24.7,0,3,1,33.3,0.12,0.04,0.0,0.0,0,0,NOR,MF,26,1998,24.7,6,0,0,30,10,0,3,21,32,,,0,0.0,0.12145748987854252,0.0,0.12145748987854252,1.2955465587044535,0.8502024291497976,1.2145748987854252,0.4048582995951417
139,ENG-Premier League,2425,Fulham,Saša Lukić,SRB,MF,27,1996,30,28,2344,26.0,0,2,2,0,0,0,12,0,0.0,0.08,0.08,0.0,0.08,SRB,MF,27,1996,26.0,0,18,3,16.7,0.69,0.12,0.0,0.0,0,0,SRB,MF,27,1996,26.0,12,0,0,66,26,0,63,26,38,,,0,0.0,0.6923076923076923,0.07692307692307693,2.423076923076923,1.4615384615384615,1.0,2.5384615384615383,1.0
140,ENG-Premier League,2425,Fulham,Timothy Castagne,BEL,"DF,MF",28,1995,24,17,1649,18.3,0,1,1,0,0,0,1,0,0.0,0.05,0.05,0.0,0.05,BEL,"DF,MF",28,1995,18.3,0,8,3,37.5,0.44,0.16,0.0,0.0,0,0,BEL,"DF,MF",28,1995,18.3,1,0,0,15,6,1,38,23,31,,,0,0.0,0.4371584699453552,0.0546448087431694,2.0765027322404372,1.6939890710382512,1.256830601092896,0.819672131147541,0.32786885245901637
141,ENG-Premier League,2425,Ipswich Town,Alex Palmer,ENG,GK,27,1996,13,13,1170,13.0,0,0,0,0,0,0,2,0,0.0,0.0,0.0,0.0,0.0,ENG,GK,27,1996,13.0,0,0,0,,0.0,0.0,,,0,0,ENG,GK,27,1996,13.0,2,0,0,1,4,0,0,0,0,,,0,0.0,0.0,0.0,0.0,0.0,0.0,0.07692307692307693,0.3076923076923077
142,ENG-Premier League,2425,Ipswich Town,Arijanet Muric,KVX,GK,25,1998,18,18,1620,18.0,0,0,0,0,0,0,1,0,0.0,0.0,0.0,0.0,0.0,KVX,GK,25,1998,18.0,0,0,0,,0.0,0.0,,,0,0,KVX,GK,25,1998,18.0,1,0,0,0,4,0,0,0,0,,,0,0.0,0.0,0.0,0.0,0.0,0.0,0.0,0.2222222222222222
143,ENG-Premier League,2425,Ipswich Town,Axel Tuanzebe,COD,DF,26,1997,22,20,1710,19.0,0,1,1,0,0,0,5,1,0.0,0.05,0.05,0.0,0.05,COD,DF,26,1997,19.0,0,4,0,0.0,0.21,0.0,0.0,,0,0,COD,DF,26,1997,19.0,5,1,1,17,12,0,10,22,19,,,1,0.0,0.21052631578947367,0.05263157894736842,0.5263157894736842,1.0,1.1578947368421053,0.8947368421052632,0.631578947368421
144,ENG-Premier League,2425,Ipswich Town,Ben Johnson,ENG,"MF,DF",24,2000,23,14,1354,15.0,1,2,3,1,0,0,5,1,0.07,0.13,0.2,0.07,0.2,ENG,"MF,DF",24,2000,15.0,1,7,3,42.9,0.47,0.2,0.14,0.33,0,0,ENG,"MF,DF",24,2000,15.0,5,1,1,27,6,1,37,13,20,,,0,0.06666666666666667,0.4666666666666667,0.13333333333333333,2.466666666666667,1.3333333333333333,0.8666666666666667,1.8,0.4
145,ENG-Premier League,2425,Ipswich Town,Cameron Burgess,AUS,DF,28,1995,18,16,1541,17.1,0,2,2,0,0,0,0,0,0.0,0.12,0.12,0.0,0.12,AUS,DF,28,1995,17.1,0,10,3,30.0,0.58,0.18,0.0,0.0,0,0,AUS,DF,28,1995,17.1,0,0,0,6,4,1,0,10,13,,,0,0.0,0.5847953216374269,0.11695906432748537,0.0,0.7602339181286549,0.5847953216374269,0.3508771929824561,0.23391812865497075
146,ENG-Premier League,2425,Ipswich Town,Dara O'Shea,IRL,DF,25,1999,35,35,3122,34.7,0,2,2,0,0,0,6,0,0.0,0.06,0.06,0.0,0.06,IRL,DF,25,1999,34.7,0,22,2,9.1,0.63,0.06,0.0,0.0,0,0,IRL,DF,25,1999,34.7,6,0,0,21,25,3,8,33,30,,,0,0.0,0.6340057636887607,0.05763688760806916,0.23054755043227665,0.8645533141210374,0.9510086455331411,0.6051873198847262,0.7204610951008645
147,ENG-Premier League,2425,Ipswich Town,Jack Clarke,ENG,MF,23,2000,32,12,1181,13.1,0,4,4,0,0,0,2,0,0.0,0.3,0.3,0.0,0.3,ENG,MF,23,2000,13.1,0,17,2,11.8,1.3,0.15,0.0,0.0,0,0,ENG,MF,23,2000,13.1,2,0,0,16,23,3,14,7,18,,,0,0.0,1.297709923664122,0.3053435114503817,1.0687022900763359,1.3740458015267176,0.5343511450381679,1.2213740458015268,1.7557251908396947
148,ENG-Premier League,2425,Ipswich Town,Jacob Greaves,ENG,DF,23,2000,25,25,2205,24.5,1,0,1,1,0,0,5,0,0.04,0.0,0.04,0.04,0.04,ENG,DF,23,2000,24.5,1,10,4,40.0,0.41,0.16,0.1,0.25,0,0,ENG,DF,23,2000,24.5,5,0,0,16,21,1,1,21,22,,,0,0.04081632653061224,0.40816326530612246,0.0,0.04081632653061224,0.8979591836734694,0.8571428571428571,0.6530612244897959,0.8571428571428571
149,ENG-Premier League,2425,Ipswich Town,Jens Cajuste,SWE,MF,24,1999,30,25,1959,21.8,1,1,2,1,0,0,2,0,0.05,0.05,0.09,0.05,0.09,SWE,MF,24,1999,21.8,1,12,1,8.3,0.55,0.05,0.08,1.0,0,0,SWE,MF,24,1999,21.8,2,0,0,23,22,0,10,29,22,,,0,0.04587155963302752,0.5504587155963303,0.04587155963302752,0.4587155963302752,1.0091743119266054,1.3302752293577982,1.055045871559633,1.0091743119266054
150,ENG-Premier League,2425,Ipswich Town,Kalvin Phillips,ENG,MF,28,1995,19,14,1237,13.7,0,0,0,0,0,0,6,1,0.0,0.0,0.0,0.0,0.0,ENG,MF,28,1995,13.7,0,11,2,18.2,0.8,0.15,0.0,0.0,0,0,ENG,MF,28,1995,13.7,6,1,1,28,21,0,20,18,20,,,0,0.0,0.8029197080291971,0.0,1.4598540145985401,1.4598540145985401,1.3138686131386863,2.0437956204379564,1.5328467153284673
151,ENG-Premier League,2425,Ipswich Town,Leif Davis,ENG,DF,24,1999,33,32,2743,30.5,1,2,3,1,0,0,5,1,0.03,0.07,0.1,0.03,0.1,ENG,DF,24,1999,30.5,1,16,2,12.5,0.52,0.07,0.06,0.5,0,0,ENG,DF,24,1999,30.5,5,1,0,26,31,5,157,25,28,,,0,0.03278688524590164,0.5245901639344263,0.06557377049180328,5.147540983606557,0.9180327868852459,0.819672131147541,0.8524590163934426,1.0163934426229508
152,ENG-Premier League,2425,Ipswich Town,Liam Delap,ENG,FW,21,2003,37,32,2593,28.8,12,2,14,10,2,2,12,0,0.42,0.07,0.49,0.35,0.42,ENG,FW,21,2003,28.8,12,68,32,47.1,2.36,1.11,0.18,0.38,2,2,ENG,FW,21,2003,28.8,12,0,0,72,51,14,5,2,8,,,0,0.41666666666666663,2.361111111111111,0.06944444444444445,0.1736111111111111,0.2777777777777778,0.06944444444444445,2.5,1.7708333333333333
153,ENG-Premier League,2425,Ipswich Town,Luke Woolfenden,ENG,DF,25,1998,15,12,1187,13.2,0,0,0,0,0,0,2,0,0.0,0.0,0.0,0.0,0.0,ENG,DF,25,1998,13.2,0,1,0,0.0,0.08,0.0,0.0,,0,0,ENG,DF,25,1998,13.2,2,0,0,5,2,1,0,21,6,,,0,0.0,0.07575757575757576,0.0,0.0,0.4545454545454546,1.590909090909091,0.3787878787878788,0.15151515151515152
154,ENG-Premier League,2425,Ipswich Town,Omari Hutchinson,ENG,MF,20,2003,31,30,2583,28.7,3,2,5,3,0,0,5,0,0.1,0.07,0.17,0.1,0.17,ENG,MF,20,2003,28.7,3,45,19,42.2,1.57,0.66,0.07,0.16,0,0,ENG,MF,20,2003,28.7,5,0,0,31,46,6,81,11,13,,,0,0.10452961672473868,1.5679442508710801,0.06968641114982578,2.822299651567944,0.4529616724738676,0.3832752613240418,1.0801393728222997,1.602787456445993
155,ENG-Premier League,2425,Ipswich Town,Sam Morsy,EGY,MF,32,1991,33,31,2751,30.6,1,1,2,1,0,0,10,0,0.03,0.03,0.07,0.03,0.07,EGY,MF,32,1991,30.6,1,13,3,23.1,0.43,0.1,0.08,0.33,0,0,EGY,MF,32,1991,30.6,10,0,0,48,27,0,15,28,39,,,1,0.032679738562091505,0.42483660130718953,0.032679738562091505,0.49019607843137253,1.2745098039215685,0.9150326797385621,1.5686274509803921,0.8823529411764706
156,ENG-Premier League,2425,Ipswich Town,Sammie Szmodics,IRL,MF,28,1995,20,13,992,11.0,4,0,4,4,0,0,2,0,0.36,0.0,0.36,0.36,0.36,IRL,MF,28,1995,11.0,4,21,12,57.1,1.91,1.09,0.19,0.33,0,0,IRL,MF,28,1995,11.0,2,0,0,9,8,8,14,5,12,,,0,0.36363636363636365,1.9090909090909092,0.0,1.2727272727272727,1.0909090909090908,0.45454545454545453,0.8181818181818182,0.7272727272727273
157,ENG-Premier League,2425,Ipswich Town,Wes Burns,WAL,MF,29,1994,18,12,926,10.3,0,1,1,0,0,0,1,0,0.0,0.1,0.1,0.0,0.1,WAL,MF,29,1994,10.3,0,7,1,14.3,0.68,0.1,0.0,0.0,0,0,WAL,MF,29,1994,10.3,1,0,0,4,11,0,45,10,11,,,0,0.0,0.6796116504854368,0.0970873786407767,4.368932038834951,1.0679611650485437,0.9708737864077669,0.3883495145631068,1.0679611650485437
158,ENG-Premier League,2425,Leicester City,Bilal El Khannouss,MAR,MF,20,2004,32,27,2182,24.2,2,3,5,2,0,0,4,0,0.08,0.12,0.21,0.08,0.21,MAR,MF,20,2004,24.2,2,30,7,23.3,1.24,0.29,0.07,0.29,0,0,MAR,MF,20,2004,24.2,4,0,0,30,13,1,89,5,30,,,0,0.08264462809917356,1.2396694214876034,0.12396694214876033,3.677685950413223,1.2396694214876034,0.2066115702479339,1.2396694214876034,0.5371900826446281
159,ENG-Premier League,2425,Leicester City,Boubakary Soumaré,FRA,MF,25,1999,31,25,2171,24.1,0,0,0,0,0,0,8,0,0.0,0.0,0.0,0.0,0.0,FRA,MF,25,1999,24.1,0,7,0,0.0,0.29,0.0,0.0,,0,0,FRA,MF,25,1999,24.1,8,0,0,24,23,0,10,27,19,,,0,0.0,0.2904564315352697,0.0,0.41493775933609955,0.7883817427385892,1.120331950207469,0.9958506224066389,0.954356846473029
160,ENG-Premier League,2425,Leicester City,Caleb Okoli,ITA,DF,23,2001,19,12,1125,12.5,1,0,1,1,0,0,4,0,0.08,0.0,0.08,0.08,0.08,ITA,DF,23,2001,12.5,1,4,2,50.0,0.32,0.16,0.25,0.5,0,0,ITA,DF,23,2001,12.5,4,0,0,16,9,0,1,15,14,,,0,0.08,0.32,0.0,0.08,1.12,1.2,1.28,0.72
161,ENG-Premier League,2425,Leicester City,Conor Coady,ENG,DF,31,1993,22,19,1714,19.0,1,0,1,1,0,0,3,0,0.05,0.0,0.05,0.05,0.05,ENG,DF,31,1993,19.0,1,2,2,100.0,0.11,0.11,0.5,0.5,0,0,ENG,DF,31,1993,19.0,3,0,0,8,3,1,0,12,9,,,0,0.05263157894736842,0.10526315789473684,0.0,0.0,0.47368421052631576,0.631578947368421,0.42105263157894735,0.15789473684210525
162,ENG-Premier League,2425,Leicester City,Facundo Buonanotte,ARG,"MF,FW",19,2004,31,14,1523,16.9,5,2,7,5,0,0,8,0,0.3,0.12,0.41,0.3,0.41,ARG,"MF,FW",19,2004,16.9,5,36,12,33.3,2.13,0.71,0.14,0.42,0,0,ARG,"MF,FW",19,2004,16.9,8,0,0,36,35,3,43,13,33,,,0,0.2958579881656805,2.1301775147928996,0.1183431952662722,2.544378698224852,1.9526627218934913,0.7692307692307693,2.1301775147928996,2.0710059171597637
163,ENG-Premier League,2425,Leicester City,Harry Winks,ENG,MF,28,1996,22,17,1538,17.1,0,2,2,0,0,0,4,0,0.0,0.12,0.12,0.0,0.12,ENG,MF,28,1996,17.1,0,10,4,40.0,0.59,0.23,0.0,0.0,0,0,ENG,MF,28,1996,17.1,4,0,0,9,13,0,33,8,10,,,0,0.0,0.5847953216374269,0.11695906432748537,1.9298245614035086,0.5847953216374269,0.4678362573099415,0.5263157894736842,0.7602339181286549
164,ENG-Premier League,2425,Leicester City,Jakub Stolarczyk,POL,GK,23,2000,10,10,900,10.0,0,0,0,0,0,0,1,0,0.0,0.0,0.0,0.0,0.0,POL,GK,23,2000,10.0,0,0,0,,0.0,0.0,,,0,0,POL,GK,23,2000,10.0,1,0,0,0,0,0,0,0,1,,,0,0.0,0.0,0.0,0.0,0.1,0.0,0.0,0.0
165,ENG-Premier League,2425,Leicester City,James Justin,ENG,"DF,MF",26,1998,36,34,2912,32.4,2,2,4,2,0,0,6,0,0.06,0.06,0.12,0.06,0.12,ENG,"DF,MF",26,1998,32.4,2,25,7,28.0,0.77,0.22,0.08,0.29,0,0,ENG,"DF,MF",26,1998,32.4,6,0,0,28,44,2,57,44,38,,,0,0.0617283950617284,0.7716049382716049,0.0617283950617284,1.7592592592592593,1.1728395061728396,1.3580246913580247,0.8641975308641976,1.3580246913580247
166,ENG-Premier League,2425,Leicester City,Jamie Vardy,ENG,FW,37,1987,35,35,2823,31.4,9,4,13,8,1,2,5,0,0.29,0.13,0.41,0.26,0.38,ENG,FW,37,1987,31.4,9,58,26,44.8,1.85,0.83,0.16,0.35,1,2,ENG,FW,37,1987,31.4,5,0,0,27,23,27,11,5,12,,,0,0.28662420382165604,1.8471337579617835,0.12738853503184713,0.35031847133757965,0.3821656050955414,0.15923566878980894,0.8598726114649682,0.7324840764331211
167,ENG-Premier League,2425,Leicester City,Jannik Vestergaard,DEN,DF,31,1992,18,16,1391,15.5,0,0,0,0,0,0,5,0,0.0,0.0,0.0,0.0,0.0,DEN,DF,31,1992,15.5,0,3,2,66.7,0.19,0.13,0.0,0.0,0,0,DEN,DF,31,1992,15.5,5,0,0,12,4,0,0,15,10,,,1,0.0,0.1935483870967742,0.0,0.0,0.6451612903225806,0.967741935483871,0.7741935483870968,0.25806451612903225
168,ENG-Premier League,2425,Leicester City,Jordan Ayew,GHA,MF,32,1991,30,19,1638,18.2,5,0,5,4,1,1,5,0,0.27,0.0,0.27,0.22,0.22,GHA,MF,32,1991,18.2,5,32,10,31.3,1.76,0.55,0.16,0.5,1,1,GHA,MF,32,1991,18.2,5,0,0,30,58,7,57,11,14,,,0,0.27472527472527475,1.7582417582417582,0.0,3.131868131868132,0.7692307692307693,0.6043956043956045,1.6483516483516485,3.186813186813187
169,ENG-Premier League,2425,Leicester City,Luke Thomas,ENG,DF,23,2001,14,13,1110,12.3,0,0,0,0,0,0,3,0,0.0,0.0,0.0,0.0,0.0,ENG,DF,23,2001,12.3,0,5,0,0.0,0.41,0.0,0.0,,0,0,ENG,DF,23,2001,12.3,3,0,0,16,10,0,28,20,25,,,0,0.0,0.4065040650406504,0.0,2.2764227642276422,2.0325203252032518,1.6260162601626016,1.3008130081300813,0.8130081300813008
170,ENG-Premier League,2425,Leicester City,Mads Hermansen,DEN,GK,24,2000,27,27,2385,26.5,0,0,0,0,0,0,1,0,0.0,0.0,0.0,0.0,0.0,DEN,GK,24,2000,26.5,0,0,0,,0.0,0.0,,,0,0,DEN,GK,24,2000,26.5,1,0,0,0,3,0,0,0,1,,,0,0.0,0.0,0.0,0.0,0.03773584905660377,0.0,0.0,0.11320754716981132
171,ENG-Premier League,2425,Leicester City,Oliver Skipp,ENG,MF,23,2000,24,10,1129,12.5,0,0,0,0,0,0,8,0,0.0,0.0,0.0,0.0,0.0,ENG,MF,23,2000,12.5,0,5,1,20.0,0.4,0.08,0.0,0.0,0,0,ENG,MF,23,2000,12.5,8,0,0,21,13,0,5,12,4,,,0,0.0,0.4,0.0,0.4,0.32,0.96,1.68,1.04
172,ENG-Premier League,2425,Leicester City,Stephy Mavididi,ENG,MF,26,1998,30,16,1615,17.9,4,1,5,4,0,0,2,0,0.22,0.06,0.28,0.22,0.28,ENG,MF,26,1998,17.9,4,26,7,26.9,1.45,0.39,0.15,0.57,0,0,ENG,MF,26,1998,17.9,2,0,0,18,18,3,70,8,20,,,0,0.223463687150838,1.452513966480447,0.0558659217877095,3.910614525139665,1.11731843575419,0.446927374301676,1.005586592178771,1.005586592178771
173,ENG-Premier League,2425,Leicester City,Victor Bernth Kristiansen,DEN,"DF,MF",21,2002,30,29,2482,27.6,0,1,1,0,0,0,1,0,0.0,0.04,0.04,0.0,0.04,DEN,"DF,MF",21,2002,27.6,0,3,0,0.0,0.11,0.0,0.0,,0,0,DEN,"DF,MF",21,2002,27.6,1,0,0,19,18,3,96,37,51,,,1,0.0,0.10869565217391304,0.036231884057971016,3.4782608695652173,1.8478260869565217,1.3405797101449275,0.6884057971014492,0.6521739130434783
174,ENG-Premier League,2425,Leicester City,Wilfred Ndidi,NGA,MF,27,1996,28,28,2324,25.8,0,5,5,0,0,0,8,0,0.0,0.19,0.19,0.0,0.19,NGA,MF,27,1996,25.8,0,22,8,36.4,0.85,0.31,0.0,0.0,0,0,NGA,MF,27,1996,25.8,8,0,0,39,18,3,30,27,48,,,1,0.0,0.8527131782945736,0.19379844961240308,1.1627906976744187,1.8604651162790697,1.0465116279069766,1.5116279069767442,0.6976744186046512
175,ENG-Premier League,2425,Leicester City,Wout Faes,BEL,DF,26,1998,34,30,2815,31.3,1,0,1,1,0,0,4,0,0.03,0.0,0.03,0.03,0.03,BEL,DF,26,1998,31.3,1,12,1,8.3,0.38,0.03,0.08,1.0,0,0,BEL,DF,26,1998,31.3,4,0,0,23,11,1,5,22,28,,,0,0.03194888178913738,0.38338658146964855,0.0,0.1597444089456869,0.8945686900958466,0.7028753993610224,0.7348242811501597,0.3514376996805112
176,ENG-Premier League,2425,Liverpool,Alexis Mac Allister,ARG,MF,25,1998,35,30,2599,28.9,5,5,10,5,0,0,6,0,0.17,0.17,0.35,0.17,0.35,ARG,MF,25,1998,28.9,5,38,14,36.8,1.32,0.48,0.13,0.36,0,0,ARG,MF,25,1998,28.9,6,0,0,62,40,2,86,22,59,,,0,0.17301038062283738,1.3148788927335642,0.17301038062283738,2.975778546712803,2.041522491349481,0.7612456747404844,2.1453287197231834,1.384083044982699
177,ENG-Premier League,2425,Liverpool,Alisson,BRA,GK,31,1992,28,28,2508,27.9,0,0,0,0,0,0,0,0,0.0,0.0,0.0,0.0,0.0,BRA,GK,31,1992,27.9,0,0,0,,0.0,0.0,,,0,0,BRA,GK,31,1992,27.9,0,0,0,0,2,0,0,0,0,,,0,0.0,0.0,0.0,0.0,0.0,0.0,0.0,0.07168458781362008
178,ENG-Premier League,2425,Liverpool,Andy Robertson,SCO,DF,30,1994,33,29,2482,27.6,0,1,1,0,0,0,3,1,0.0,0.04,0.04,0.0,0.04,SCO,DF,30,1994,27.6,0,15,3,20.0,0.54,0.11,0.0,0.0,0,0,SCO,DF,30,1994,27.6,3,1,0,11,8,3,145,21,21,,,1,0.0,0.5434782608695652,0.036231884057971016,5.253623188405797,0.7608695652173912,0.7608695652173912,0.39855072463768115,0.2898550724637681
179,ENG-Premier League,2425,Liverpool,Caoimhín Kelleher,IRL,GK,25,1998,10,10,900,10.0,0,0,0,0,0,0,0,0,0.0,0.0,0.0,0.0,0.0,IRL,GK,25,1998,10.0,0,0,0,,0.0,0.0,,,0,0,IRL,GK,25,1998,10.0,0,0,0,0,3,0,0,0,0,,,0,0.0,0.0,0.0,0.0,0.0,0.0,0.0,0.3
180,ENG-Premier League,2425,Liverpool,Cody Gakpo,NED,MF,25,1999,35,23,1935,21.5,10,4,14,10,0,0,5,0,0.47,0.19,0.65,0.47,0.65,NED,MF,25,1999,21.5,10,57,23,40.4,2.65,1.07,0.18,0.43,0,0,NED,MF,25,1999,21.5,5,0,0,20,31,5,73,12,17,,,0,0.46511627906976744,2.6511627906976742,0.18604651162790697,3.395348837209302,0.7906976744186046,0.5581395348837209,0.9302325581395349,1.441860465116279
181,ENG-Premier League,2425,Liverpool,Curtis Jones,ENG,"MF,DF",23,2001,33,19,1712,19.0,3,3,6,3,0,0,3,1,0.16,0.16,0.32,0.16,0.32,ENG,"MF,DF",23,2001,19.0,3,34,13,38.2,1.79,0.68,0.09,0.23,0,0,ENG,"MF,DF",23,2001,19.0,3,1,1,18,25,1,8,7,22,,,0,0.15789473684210525,1.7894736842105263,0.15789473684210525,0.42105263157894735,1.1578947368421053,0.3684210526315789,0.9473684210526315,1.3157894736842106
182,ENG-Premier League,2425,Liverpool,Darwin Núñez,URU,FW,25,1999,30,8,1133,12.6,5,2,7,5,0,0,8,0,0.4,0.16,0.56,0.4,0.56,URU,FW,25,1999,12.6,5,34,13,38.2,2.7,1.03,0.15,0.38,0,0,URU,FW,25,1999,12.6,8,0,0,27,14,12,3,4,18,,,0,0.39682539682539686,2.6984126984126986,0.15873015873015872,0.2380952380952381,1.4285714285714286,0.31746031746031744,2.142857142857143,1.1111111111111112
183,ENG-Premier League,2425,Liverpool,Diogo Jota,POR,FW,27,1996,26,14,1196,13.3,6,3,9,6,0,0,2,0,0.45,0.23,0.68,0.45,0.68,POR,FW,27,1996,13.3,6,51,13,25.5,3.84,0.98,0.12,0.46,0,0,POR,FW,27,1996,13.3,2,0,0,23,14,1,8,8,9,,,0,0.45112781954887216,3.834586466165413,0.22556390977443608,0.6015037593984962,0.6766917293233082,0.6015037593984962,1.7293233082706767,1.0526315789473684
184,ENG-Premier League,2425,Liverpool,Dominik Szoboszlai,HUN,MF,23,2000,36,29,2491,27.7,6,6,12,6,0,0,6,0,0.22,0.22,0.43,0.22,0.43,HUN,MF,23,2000,27.7,6,67,23,34.3,2.42,0.83,0.09,0.26,0,0,HUN,MF,23,2000,27.7,6,0,0,44,24,4,40,9,23,,,0,0.21660649819494585,2.4187725631768955,0.21660649819494585,1.444043321299639,0.8303249097472925,0.3249097472924188,1.588447653429603,0.8664259927797834
185,ENG-Premier League,2425,Liverpool,Ibrahima Konaté,FRA,DF,25,1999,31,30,2560,28.4,1,2,3,1,0,0,5,0,0.04,0.07,0.11,0.04,0.11,FRA,DF,25,1999,28.4,1,19,4,21.1,0.67,0.14,0.05,0.25,0,0,FRA,DF,25,1999,28.4,5,0,0,27,20,0,0,19,28,,,0,0.035211267605633804,0.6690140845070423,0.07042253521126761,0.0,0.9859154929577465,0.6690140845070423,0.9507042253521127,0.7042253521126761
186,ENG-Premier League,2425,Liverpool,Luis Díaz,COL,"FW,MF",27,1997,36,28,2399,26.7,13,5,18,13,0,0,2,0,0.49,0.19,0.68,0.49,0.68,COL,"FW,MF",27,1997,26.7,13,71,30,42.3,2.66,1.13,0.18,0.43,0,0,COL,"FW,MF",27,1997,26.7,2,0,0,48,31,10,32,7,27,,,0,0.4868913857677903,2.659176029962547,0.18726591760299627,1.198501872659176,1.0112359550561798,0.2621722846441948,1.797752808988764,1.1610486891385767
187,ENG-Premier League,2425,Liverpool,Mohamed Salah,EGY,MF,32,1992,38,38,3371,37.5,29,18,47,20,9,9,1,0,0.77,0.48,1.25,0.53,1.01,EGY,MF,32,1992,37.5,29,130,61,46.9,3.47,1.63,0.22,0.48,9,9,EGY,MF,32,1992,37.5,1,0,0,25,39,18,79,9,11,,,0,0.7733333333333333,3.466666666666667,0.48,2.1066666666666665,0.29333333333333333,0.24,0.6666666666666666,1.04
188,ENG-Premier League,2425,Liverpool,Ryan Gravenberch,NED,MF,22,2002,37,37,3160,35.1,0,4,4,0,0,0,6,1,0.0,0.11,0.11,0.0,0.11,NED,MF,22,2002,35.1,0,20,5,25.0,0.57,0.14,0.0,0.0,0,0,NED,MF,22,2002,35.1,6,1,0,47,52,0,7,56,37,,,0,0.0,0.5698005698005698,0.11396011396011396,0.19943019943019943,1.054131054131054,1.5954415954415955,1.339031339031339,1.4814814814814814
189,ENG-Premier League,2425,Liverpool,Trent Alexander-Arnold,ENG,DF,25,1998,33,28,2365,26.3,3,6,9,3,0,0,5,0,0.11,0.23,0.34,0.11,0.34,ENG,DF,25,1998,26.3,3,45,8,17.8,1.71,0.3,0.07,0.38,0,0,ENG,DF,25,1998,26.3,5,0,0,11,9,1,154,31,49,,,0,0.11406844106463879,1.7110266159695817,0.22813688212927757,5.855513307984791,1.8631178707224334,1.1787072243346006,0.4182509505703422,0.34220532319391633
190,ENG-Premier League,2425,Liverpool,Virgil van Dijk,NED,DF,33,1991,37,37,3330,37.0,3,1,4,3,0,0,5,0,0.08,0.03,0.11,0.08,0.11,NED,DF,33,1991,37.0,3,26,8,30.8,0.7,0.22,0.12,0.38,0,0,NED,DF,33,1991,37.0,5,0,0,17,13,0,1,54,20,,,0,0.08108108108108109,0.7027027027027027,0.02702702702702703,0.02702702702702703,0.5405405405405406,1.4594594594594594,0.4594594594594595,0.35135135135135137
191,ENG-Premier League,2425,Manchester City,Bernardo Silva,POR,MF,29,1994,33,29,2670,29.7,4,4,8,4,0,0,7,0,0.13,0.13,0.27,0.13,0.27,POR,MF,29,1994,29.7,4,32,12,37.5,1.08,0.4,0.13,0.33,0,0,POR,MF,29,1994,29.7,7,0,0,27,31,3,60,21,35,,,0,0.13468013468013468,1.0774410774410774,0.13468013468013468,2.0202020202020203,1.1784511784511784,0.7070707070707071,0.9090909090909091,1.043771043771044
192,ENG-Premier League,2425,Manchester City,Ederson Moraes,BRA,GK,30,1993,26,26,2320,25.8,0,4,4,0,0,0,4,0,0.0,0.16,0.16,0.0,0.16,BRA,GK,30,1993,25.8,0,0,0,,0.0,0.0,,,0,0,BRA,GK,30,1993,25.8,4,0,0,1,0,0,0,1,0,,,0,0.0,0.0,0.15503875968992248,0.0,0.0,0.03875968992248062,0.03875968992248062,0.0
193,ENG-Premier League,2425,Manchester City,Erling Haaland,NOR,FW,24,2000,31,31,2736,30.4,22,3,25,19,3,4,2,0,0.72,0.1,0.82,0.62,0.72,NOR,FW,24,2000,30.4,22,109,60,55.0,3.59,1.97,0.2,0.37,3,4,NOR,FW,24,2000,30.4,2,0,0,24,13,4,3,5,6,,,0,0.7236842105263158,3.585526315789474,0.09868421052631579,0.09868421052631579,0.19736842105263158,0.16447368421052633,0.7894736842105263,0.4276315789473684
194,ENG-Premier League,2425,Manchester City,Jeremy Doku,BEL,"MF,FW",22,2002,29,16,1516,16.8,3,6,9,3,0,0,1,0,0.18,0.36,0.53,0.18,0.53,BEL,"MF,FW",22,2002,16.8,3,29,9,31.0,1.72,0.53,0.1,0.33,0,0,BEL,"MF,FW",22,2002,16.8,1,0,0,10,33,5,59,3,23,,,0,0.17857142857142858,1.726190476190476,0.35714285714285715,3.511904761904762,1.369047619047619,0.17857142857142858,0.5952380952380952,1.9642857142857142
195,ENG-Premier League,2425,Manchester City,Joško Gvardiol,CRO,DF,22,2002,37,36,3277,36.4,5,0,5,5,0,0,2,0,0.14,0.0,0.14,0.14,0.14,CRO,DF,22,2002,36.4,5,40,12,30.0,1.1,0.33,0.13,0.42,0,0,CRO,DF,22,2002,36.4,2,0,0,16,27,3,22,42,38,,,0,0.13736263736263737,1.098901098901099,0.0,0.6043956043956045,1.043956043956044,1.153846153846154,0.43956043956043955,0.7417582417582418
196,ENG-Premier League,2425,Manchester City,Kevin De Bruyne,BEL,"MF,FW",33,1991,28,19,1702,18.9,4,7,11,4,0,0,2,0,0.21,0.37,0.58,0.21,0.58,BEL,"MF,FW",33,1991,18.9,4,57,18,31.6,3.01,0.95,0.07,0.22,0,0,BEL,"MF,FW",33,1991,18.9,2,0,0,17,18,5,144,7,9,,,0,0.21164021164021166,3.0158730158730163,0.3703703703703704,7.6190476190476195,0.4761904761904762,0.3703703703703704,0.8994708994708995,0.9523809523809524
197,ENG-Premier League,2425,Manchester City,Kyle Walker,ENG,DF,34,1990,15,9,970,10.8,0,0,0,0,0,0,3,0,0.0,0.0,0.0,0.0,0.0,ENG,DF,34,1990,10.8,0,5,2,40.0,0.46,0.19,0.0,0.0,0,0,ENG,DF,34,1990,10.8,3,0,0,6,4,1,14,3,10,,,0,0.0,0.4629629629629629,0.0,1.2962962962962963,0.9259259259259258,0.27777777777777773,0.5555555555555555,0.37037037037037035
198,ENG-Premier League,2425,Manchester City,Manuel Akanji,SUI,"DF,MF",29,1995,26,23,2014,22.4,0,0,0,0,0,0,3,0,0.0,0.0,0.0,0.0,0.0,SUI,"DF,MF",29,1995,22.4,0,15,2,13.3,0.67,0.09,0.0,0.0,0,0,SUI,"DF,MF",29,1995,22.4,3,0,0,17,9,0,11,9,11,,,0,0.0,0.6696428571428572,0.0,0.4910714285714286,0.4910714285714286,0.4017857142857143,0.7589285714285715,0.4017857142857143
199,ENG-Premier League,2425,Manchester City,Mateo Kovačić,CRO,"MF,DF",30,1994,31,25,2198,24.4,6,2,8,6,0,0,5,1,0.25,0.08,0.33,0.25,0.33,CRO,"MF,DF",30,1994,24.4,6,45,12,26.7,1.84,0.49,0.13,0.5,0,0,CRO,"MF,DF",30,1994,24.4,5,1,0,24,26,0,0,22,39,,,0,0.24590163934426232,1.8442622950819674,0.0819672131147541,0.0,1.598360655737705,0.9016393442622951,0.9836065573770493,1.0655737704918034
200,ENG-Premier League,2425,Manchester City,Matheus Nunes,POR,"DF,MF",25,1998,26,19,1674,18.6,1,6,7,1,0,0,4,0,0.05,0.32,0.38,0.05,0.38,POR,"DF,MF",25,1998,18.6,1,9,4,44.4,0.48,0.22,0.11,0.25,0,0,POR,"DF,MF",25,1998,18.6,4,0,0,30,20,6,45,14,21,,,0,0.05376344086021505,0.48387096774193544,0.3225806451612903,2.419354838709677,1.129032258064516,0.7526881720430108,1.6129032258064515,1.075268817204301
201,ENG-Premier League,2425,Manchester City,Omar Marmoush,EGY,"MF,FW",25,1999,16,14,1175,13.1,7,0,7,7,0,0,0,0,0.54,0.0,0.54,0.54,0.54,EGY,"MF,FW",25,1999,13.1,7,49,17,34.7,3.75,1.3,0.14,0.41,0,0,EGY,"MF,FW",25,1999,13.1,0,0,0,15,20,10,29,6,8,,,0,0.5343511450381679,3.740458015267176,0.0,2.213740458015267,0.6106870229007634,0.4580152671755725,1.1450381679389314,1.5267175572519085
202,ENG-Premier League,2425,Manchester City,Phil Foden,ENG,"MF,FW",24,2000,28,20,1777,19.7,7,2,9,7,0,0,2,0,0.35,0.1,0.46,0.35,0.46,ENG,"MF,FW",24,2000,19.7,7,54,16,29.6,2.73,0.81,0.13,0.44,0,0,ENG,"MF,FW",24,2000,19.7,2,0,0,5,35,3,81,9,5,,,0,0.3553299492385787,2.7411167512690358,0.10152284263959391,4.111675126903553,0.25380710659898476,0.4568527918781726,0.25380710659898476,1.7766497461928934
203,ENG-Premier League,2425,Manchester City,Rico Lewis,ENG,"DF,MF",19,2004,28,21,1893,21.0,1,2,3,1,0,0,5,1,0.05,0.1,0.14,0.05,0.14,ENG,"DF,MF",19,2004,21.0,1,10,2,20.0,0.48,0.1,0.1,0.5,0,0,ENG,"DF,MF",19,2004,21.0,5,1,1,12,34,0,7,14,17,,,0,0.047619047619047616,0.47619047619047616,0.09523809523809523,0.3333333333333333,0.8095238095238095,0.6666666666666666,0.5714285714285714,1.619047619047619
204,ENG-Premier League,2425,Manchester City,Rúben Dias,POR,"DF,MF",27,1997,27,25,2271,25.2,0,0,0,0,0,0,4,0,0.0,0.0,0.0,0.0,0.0,POR,"DF,MF",27,1997,25.2,0,21,7,33.3,0.83,0.28,0.0,0.0,0,0,POR,"DF,MF",27,1997,25.2,4,0,0,12,8,0,3,19,11,,,1,0.0,0.8333333333333334,0.0,0.11904761904761905,0.4365079365079365,0.753968253968254,0.4761904761904762,0.31746031746031744
205,ENG-Premier League,2425,Manchester City,Stefan Ortega,GER,GK,31,1992,13,12,1100,12.2,0,0,0,0,0,0,1,0,0.0,0.0,0.0,0.0,0.0,GER,GK,31,1992,12.2,0,0,0,,0.0,0.0,,,0,0,GER,GK,31,1992,12.2,1,0,0,1,2,0,0,0,0,,,0,0.0,0.0,0.0,0.0,0.0,0.0,0.0819672131147541,0.1639344262295082
206,ENG-Premier League,2425,Manchester City,Sávio,BRA,"MF,FW",20,2004,29,21,1766,19.6,1,8,9,1,0,0,3,0,0.05,0.41,0.46,0.05,0.46,BRA,"MF,FW",20,2004,19.6,1,55,21,38.2,2.8,1.07,0.02,0.05,0,0,BRA,"MF,FW",20,2004,19.6,3,0,0,17,28,3,84,4,17,,,0,0.0510204081632653,2.8061224489795915,0.4081632653061224,4.285714285714286,0.8673469387755102,0.2040816326530612,0.8673469387755102,1.4285714285714284
207,ENG-Premier League,2425,Manchester City,İlkay Gündoğan,GER,MF,33,1990,33,25,2223,24.7,1,6,7,1,0,0,1,0,0.04,0.24,0.28,0.04,0.28,GER,MF,33,1990,24.7,1,27,7,25.9,1.09,0.28,0.04,0.14,0,0,GER,MF,33,1990,24.7,1,0,0,15,27,1,62,14,13,,,0,0.04048582995951417,1.0931174089068827,0.24291497975708504,2.5101214574898787,0.5263157894736842,0.5668016194331984,0.6072874493927126,1.0931174089068827
208,ENG-Premier League,2425,Manchester Utd,Alejandro Garnacho,ARG,MF,20,2004,36,23,2199,24.4,6,2,8,6,0,0,3,0,0.25,0.08,0.33,0.25,0.33,ARG,MF,20,2004,24.4,6,84,30,35.7,3.44,1.23,0.07,0.2,0,0,ARG,MF,20,2004,24.4,3,0,0,12,44,10,55,13,16,,,0,0.24590163934426232,3.4426229508196724,0.0819672131147541,2.2540983606557377,0.6557377049180328,0.5327868852459017,0.49180327868852464,1.8032786885245902
209,ENG-Premier League,2425,Manchester Utd,Amad Diallo,CIV,"MF,FW",22,2002,26,20,1901,21.1,8,6,14,8,0,0,5,0,0.38,0.28,0.66,0.38,0.66,CIV,"MF,FW",22,2002,21.1,8,47,17,36.2,2.23,0.8,0.17,0.47,0,0,CIV,"MF,FW",22,2002,21.1,5,0,0,20,28,9,43,10,31,,,0,0.3791469194312796,2.2274881516587675,0.2843601895734597,2.037914691943128,1.4691943127962084,0.4739336492890995,0.947867298578199,1.3270142180094786
210,ENG-Premier League,2425,Manchester Utd,André Onana,CMR,GK,28,1996,34,34,3060,34.0,0,0,0,0,0,0,0,0,0.0,0.0,0.0,0.0,0.0,CMR,GK,28,1996,34.0,0,0,0,,0.0,0.0,,,0,0,CMR,GK,28,1996,34.0,0,0,0,0,2,0,0,0,2,,,0,0.0,0.0,0.0,0.0,0.058823529411764705,0.0,0.0,0.058823529411764705
211,ENG-Premier League,2425,Manchester Utd,Bruno Fernandes,POR,MF,29,1994,36,35,3018,33.5,8,10,18,5,3,3,5,2,0.24,0.3,0.54,0.15,0.45,POR,MF,29,1994,33.5,8,96,29,30.2,2.86,0.86,0.08,0.28,3,3,POR,MF,29,1994,33.5,5,2,1,32,40,2,185,26,52,,,0,0.23880597014925373,2.8656716417910446,0.29850746268656714,5.522388059701493,1.5522388059701493,0.7761194029850746,0.9552238805970149,1.1940298507462686
212,ENG-Premier League,2425,Manchester Utd,Casemiro,BRA,MF,32,1992,24,18,1494,16.6,1,0,1,1,0,0,5,0,0.06,0.0,0.06,0.06,0.06,BRA,MF,32,1992,16.6,1,32,10,31.3,1.93,0.6,0.03,0.1,0,0,BRA,MF,32,1992,16.6,5,0,0,20,19,3,20,15,52,,,0,0.06024096385542168,1.9277108433734937,0.0,1.2048192771084336,3.1325301204819276,0.9036144578313252,1.2048192771084336,1.1445783132530118
213,ENG-Premier League,2425,Manchester Utd,Christian Eriksen,DEN,MF,32,1992,23,11,1061,11.8,1,2,3,0,1,1,4,0,0.08,0.17,0.25,0.0,0.17,DEN,MF,32,1992,11.8,1,15,2,13.3,1.27,0.17,0.07,0.5,1,1,DEN,MF,32,1992,11.8,4,0,0,8,3,0,84,7,8,,,0,0.0847457627118644,1.271186440677966,0.1694915254237288,7.11864406779661,0.6779661016949152,0.5932203389830508,0.6779661016949152,0.2542372881355932
214,ENG-Premier League,2425,Manchester Utd,Diogo Dalot,POR,"MF,DF",25,1999,33,31,2814,31.3,0,3,3,0,0,0,5,0,0.0,0.1,0.1,0.0,0.1,POR,"MF,DF",25,1999,31.3,0,24,5,20.8,0.77,0.16,0.0,0.0,0,0,POR,"MF,DF",25,1999,31.3,5,0,0,40,9,4,64,35,38,,,0,0.0,0.7667731629392971,0.09584664536741214,2.0447284345047922,1.2140575079872205,1.1182108626198082,1.2779552715654952,0.28753993610223644
215,ENG-Premier League,2425,Manchester Utd,Harry Maguire,ENG,DF,31,1993,27,19,1758,19.5,1,0,1,1,0,0,7,0,0.05,0.0,0.05,0.05,0.05,ENG,DF,31,1993,19.5,1,15,7,46.7,0.77,0.36,0.07,0.14,0,0,ENG,DF,31,1993,19.5,7,0,0,18,11,3,3,37,16,,,0,0.05128205128205128,0.7692307692307693,0.0,0.15384615384615385,0.8205128205128205,1.8974358974358974,0.9230769230769231,0.5641025641025641
216,ENG-Premier League,2425,Manchester Utd,Joshua Zirkzee,NED,"FW,MF",23,2001,32,14,1402,15.6,3,1,4,3,0,0,2,0,0.19,0.06,0.26,0.19,0.26,NED,"FW,MF",23,2001,15.6,3,28,11,39.3,1.8,0.71,0.11,0.27,0,0,NED,"FW,MF",23,2001,15.6,2,0,0,9,13,3,3,6,8,,,0,0.19230769230769232,1.794871794871795,0.06410256410256411,0.19230769230769232,0.5128205128205129,0.38461538461538464,0.576923076923077,0.8333333333333334
217,ENG-Premier League,2425,Manchester Utd,Kobbie Mainoo,ENG,MF,19,2005,25,19,1651,18.3,0,0,0,0,0,0,5,0,0.0,0.0,0.0,0.0,0.0,ENG,MF,19,2005,18.3,0,15,2,13.3,0.82,0.11,0.0,0.0,0,0,ENG,MF,19,2005,18.3,5,0,0,27,21,3,7,19,28,,,0,0.0,0.819672131147541,0.0,0.3825136612021858,1.530054644808743,1.0382513661202186,1.4754098360655736,1.1475409836065573
218,ENG-Premier League,2425,Manchester Utd,Leny Yoro,FRA,DF,18,2005,21,12,1165,12.9,0,0,0,0,0,0,5,0,0.0,0.0,0.0,0.0,0.0,FRA,DF,18,2005,12.9,0,5,1,20.0,0.39,0.08,0.0,0.0,0,0,FRA,DF,18,2005,12.9,5,0,0,9,2,1,1,17,11,,,0,0.0,0.38759689922480617,0.0,0.07751937984496124,0.8527131782945736,1.317829457364341,0.6976744186046512,0.15503875968992248
219,ENG-Premier League,2425,Manchester Utd,Lisandro Martínez,ARG,DF,26,1998,20,20,1751,19.5,2,1,3,2,0,0,7,0,0.1,0.05,0.15,0.1,0.15,ARG,DF,26,1998,19.5,2,17,6,35.3,0.87,0.31,0.12,0.33,0,0,ARG,DF,26,1998,19.5,7,0,0,22,7,0,9,31,24,,,0,0.10256410256410256,0.8717948717948718,0.05128205128205128,0.46153846153846156,1.2307692307692308,1.5897435897435896,1.1282051282051282,0.358974358974359
220,ENG-Premier League,2425,Manchester Utd,Manuel Ugarte,URU,MF,23,2001,29,22,1785,19.8,1,2,3,1,0,0,11,0,0.05,0.1,0.15,0.05,0.15,URU,MF,23,2001,19.8,1,19,4,21.1,0.96,0.2,0.05,0.25,0,0,URU,MF,23,2001,19.8,11,0,0,41,33,0,7,26,50,,,1,0.050505050505050504,0.9595959595959596,0.10101010101010101,0.35353535353535354,2.525252525252525,1.3131313131313131,2.0707070707070705,1.6666666666666665
221,ENG-Premier League,2425,Manchester Utd,Marcus Rashford,ENG,MF,26,1997,15,12,978,10.9,4,1,5,4,0,0,2,0,0.37,0.09,0.46,0.37,0.46,ENG,MF,26,1997,10.9,4,16,9,56.3,1.47,0.83,0.25,0.44,0,0,ENG,MF,26,1997,10.9,2,0,0,8,7,7,27,5,4,,,0,0.36697247706422015,1.4678899082568806,0.09174311926605504,2.477064220183486,0.36697247706422015,0.4587155963302752,0.7339449541284403,0.6422018348623852
222,ENG-Premier League,2425,Manchester Utd,Matthijs de Ligt,NED,DF,24,1999,29,25,2123,23.6,2,0,2,2,0,0,3,0,0.08,0.0,0.08,0.08,0.08,NED,DF,24,1999,23.6,2,18,10,55.6,0.76,0.42,0.11,0.2,0,0,NED,DF,24,1999,23.6,3,0,0,16,12,2,6,32,22,,,0,0.0847457627118644,0.7627118644067796,0.0,0.2542372881355932,0.9322033898305084,1.3559322033898304,0.6779661016949152,0.5084745762711864
223,ENG-Premier League,2425,Manchester Utd,Noussair Mazraoui,MAR,"DF,MF",26,1997,37,34,2838,31.5,0,1,1,0,0,0,3,0,0.0,0.03,0.03,0.0,0.03,MAR,"DF,MF",26,1997,31.5,0,13,3,23.1,0.41,0.1,0.0,0.0,0,0,MAR,"DF,MF",26,1997,31.5,3,0,0,38,25,4,23,35,71,,,0,0.0,0.4126984126984127,0.031746031746031744,0.7301587301587301,2.253968253968254,1.1111111111111112,1.2063492063492063,0.7936507936507936
224,ENG-Premier League,2425,Manchester Utd,Rasmus Højlund,DEN,FW,21,2003,32,23,2004,22.3,4,0,4,4,0,0,2,0,0.18,0.0,0.18,0.18,0.18,DEN,FW,21,2003,22.3,4,32,13,40.6,1.44,0.58,0.13,0.31,0,0,DEN,FW,21,2003,22.3,2,0,0,18,28,13,7,2,1,,,0,0.17937219730941703,1.4349775784753362,0.0,0.3139013452914798,0.04484304932735426,0.08968609865470852,0.8071748878923767,1.2556053811659191
225,ENG-Premier League,2425,Newcastle,Alexander Isak,SWE,FW,24,1999,34,34,2756,30.6,23,6,29,19,4,4,1,0,0.75,0.2,0.95,0.62,0.82,SWE,FW,24,1999,30.6,23,99,46,46.5,3.23,1.5,0.23,0.5,4,4,SWE,FW,24,1999,30.6,1,0,0,28,14,20,16,3,5,,,0,0.7516339869281046,3.235294117647059,0.19607843137254902,0.5228758169934641,0.16339869281045752,0.09803921568627451,0.9150326797385621,0.45751633986928103
226,ENG-Premier League,2425,Newcastle,Anthony Gordon,ENG,"FW,MF",23,2001,34,28,2434,27.0,6,5,11,5,1,2,2,0,0.22,0.18,0.41,0.18,0.37,ENG,"FW,MF",23,2001,27.0,6,59,19,32.2,2.18,0.7,0.1,0.32,1,2,ENG,"FW,MF",23,2001,27.0,2,0,0,20,71,8,130,6,17,,,0,0.2222222222222222,2.185185185185185,0.18518518518518517,4.814814814814815,0.6296296296296297,0.2222222222222222,0.7407407407407407,2.6296296296296298
227,ENG-Premier League,2425,Newcastle,Bruno Guimarães,BRA,MF,26,1997,38,38,3271,36.3,5,6,11,5,0,0,7,0,0.14,0.17,0.3,0.14,0.3,BRA,MF,26,1997,36.3,5,45,15,33.3,1.24,0.41,0.11,0.33,0,0,BRA,MF,26,1997,36.3,7,0,0,65,107,2,29,28,47,,,0,0.13774104683195593,1.2396694214876034,0.1652892561983471,0.7988980716253444,1.2947658402203859,0.7713498622589532,1.790633608815427,2.947658402203857
228,ENG-Premier League,2425,Newcastle,Dan Burn,ENG,DF,32,1992,37,37,3330,37.0,1,1,2,1,0,0,11,0,0.03,0.03,0.05,0.03,0.05,ENG,DF,32,1992,37.0,1,22,6,27.3,0.59,0.16,0.05,0.17,0,0,ENG,DF,32,1992,37.0,11,0,0,34,12,5,3,27,25,,,2,0.02702702702702703,0.5945945945945946,0.02702702702702703,0.08108108108108109,0.6756756756756757,0.7297297297297297,0.918918918918919,0.32432432432432434
229,ENG-Premier League,2425,Newcastle,Fabian Schär,SUI,DF,32,1991,34,33,2934,32.6,4,0,4,4,0,0,9,1,0.12,0.0,0.12,0.12,0.12,SUI,DF,32,1991,32.6,4,40,11,27.5,1.23,0.34,0.1,0.36,0,0,SUI,DF,32,1991,32.6,9,1,0,35,16,4,12,43,20,,,0,0.12269938650306748,1.2269938650306749,0.0,0.36809815950920244,0.6134969325153374,1.3190184049079754,1.0736196319018405,0.49079754601226994
230,ENG-Premier League,2425,Newcastle,Harvey Barnes,ENG,"FW,MF",26,1997,33,17,1755,19.5,9,4,13,9,0,0,0,0,0.46,0.21,0.67,0.46,0.67,ENG,"FW,MF",26,1997,19.5,9,63,21,33.3,3.23,1.08,0.14,0.43,0,0,ENG,"FW,MF",26,1997,19.5,0,0,0,15,23,5,47,6,9,,,0,0.46153846153846156,3.230769230769231,0.20512820512820512,2.41025641025641,0.46153846153846156,0.3076923076923077,0.7692307692307693,1.1794871794871795
231,ENG-Premier League,2425,Newcastle,Jacob Murphy,ENG,"FW,MF",29,1995,35,31,2360,26.2,8,12,20,8,0,0,4,0,0.31,0.46,0.76,0.31,0.76,ENG,"FW,MF",29,1995,26.2,8,43,15,34.9,1.64,0.57,0.19,0.53,0,0,ENG,"FW,MF",29,1995,26.2,4,0,0,11,14,3,119,11,18,,,0,0.3053435114503817,1.6412213740458015,0.4580152671755725,4.541984732824427,0.6870229007633588,0.41984732824427484,0.41984732824427484,0.5343511450381679
232,ENG-Premier League,2425,Newcastle,Joe Willock,ENG,MF,24,1999,32,11,1086,12.1,0,2,2,0,0,0,4,0,0.0,0.17,0.17,0.0,0.17,ENG,MF,24,1999,12.1,0,18,3,16.7,1.49,0.25,0.0,0.0,0,0,ENG,MF,24,1999,12.1,4,0,0,22,13,3,17,7,18,,,0,0.0,1.4876033057851241,0.1652892561983471,1.4049586776859504,1.4876033057851241,0.578512396694215,1.8181818181818183,1.0743801652892562
233,ENG-Premier League,2425,Newcastle,Joelinton,BRA,"MF,FW",27,1996,29,29,2393,26.6,4,3,7,4,0,0,10,0,0.15,0.11,0.26,0.15,0.26,BRA,"MF,FW",27,1996,26.6,4,45,14,31.1,1.69,0.53,0.09,0.29,0,0,BRA,"MF,FW",27,1996,26.6,10,0,0,58,34,7,16,20,35,,,0,0.15037593984962405,1.6917293233082706,0.11278195488721804,0.6015037593984962,1.3157894736842104,0.7518796992481203,2.180451127819549,1.2781954887218046
234,ENG-Premier League,2425,Newcastle,Kieran Trippier,ENG,DF,33,1990,25,14,1309,14.5,0,3,3,0,0,0,1,0,0.0,0.21,0.21,0.0,0.21,ENG,DF,33,1990,14.5,0,4,0,0.0,0.28,0.0,0.0,,0,0,ENG,DF,33,1990,14.5,1,0,0,16,11,2,83,11,22,,,0,0.0,0.27586206896551724,0.20689655172413793,5.724137931034483,1.5172413793103448,0.7586206896551724,1.103448275862069,0.7586206896551724
235,ENG-Premier League,2425,Newcastle,Lewis Hall,ENG,DF,19,2004,27,24,2189,24.3,0,4,4,0,0,0,3,0,0.0,0.16,0.16,0.0,0.16,ENG,DF,19,2004,24.3,0,11,1,9.1,0.45,0.04,0.0,0.0,0,0,ENG,DF,19,2004,24.3,3,0,0,9,21,1,110,17,40,,,0,0.0,0.45267489711934156,0.1646090534979424,4.526748971193416,1.646090534979424,0.6995884773662551,0.37037037037037035,0.8641975308641975
236,ENG-Premier League,2425,Newcastle,Martin Dúbravka,SVK,GK,35,1989,10,10,900,10.0,0,0,0,0,0,0,0,0,0.0,0.0,0.0,0.0,0.0,SVK,GK,35,1989,10.0,0,0,0,,0.0,0.0,,,0,0,SVK,GK,35,1989,10.0,0,0,0,0,1,0,0,0,0,,,0,0.0,0.0,0.0,0.0,0.0,0.0,0.0,0.1
237,ENG-Premier League,2425,Newcastle,Nick Pope,ENG,GK,32,1992,28,28,2520,28.0,0,0,0,0,0,0,2,0,0.0,0.0,0.0,0.0,0.0,ENG,GK,32,1992,28.0,0,0,0,,0.0,0.0,,,0,0,ENG,GK,32,1992,28.0,2,0,0,2,5,0,0,1,0,,,0,0.0,0.0,0.0,0.0,0.0,0.03571428571428571,0.07142857142857142,0.17857142857142858
238,ENG-Premier League,2425,Newcastle,Sandro Tonali,ITA,MF,24,2000,36,28,2630,29.2,4,2,6,4,0,0,5,0,0.14,0.07,0.21,0.14,0.21,ITA,MF,24,2000,29.2,4,35,12,34.3,1.2,0.41,0.11,0.33,0,0,ITA,MF,24,2000,29.2,5,0,0,37,49,2,54,32,32,,,0,0.136986301369863,1.1986301369863015,0.0684931506849315,1.8493150684931507,1.095890410958904,1.095890410958904,1.2671232876712328,1.678082191780822
239,ENG-Premier League,2425,Newcastle,Tino Livramento,ENG,DF,21,2002,37,32,2840,31.6,0,1,1,0,0,0,1,0,0.0,0.03,0.03,0.0,0.03,ENG,DF,21,2002,31.6,0,6,2,33.3,0.19,0.06,0.0,0.0,0,0,ENG,DF,21,2002,31.6,1,0,0,6,35,2,52,26,34,,,0,0.0,0.18987341772151897,0.03164556962025316,1.6455696202531644,1.0759493670886076,0.8227848101265822,0.18987341772151897,1.1075949367088607
240,ENG-Premier League,2425,Nottingham,Anthony Elanga,SWE,"MF,FW",22,2002,38,31,2501,27.8,6,11,17,6,0,0,1,0,0.22,0.4,0.61,0.22,0.61,SWE,"MF,FW",22,2002,27.8,6,44,24,54.5,1.58,0.86,0.14,0.25,0,0,SWE,"MF,FW",22,2002,27.8,1,0,0,9,47,18,184,6,15,,,0,0.2158273381294964,1.5827338129496402,0.39568345323741005,6.618705035971223,0.539568345323741,0.2158273381294964,0.3237410071942446,1.6906474820143884
241,ENG-Premier League,2425,Nottingham,Callum Hudson-Odoi,ENG,MF,23,2000,31,25,2194,24.4,5,2,7,5,0,0,2,0,0.21,0.08,0.29,0.21,0.29,ENG,MF,23,2000,24.4,5,37,17,45.9,1.52,0.7,0.14,0.29,0,0,ENG,MF,23,2000,24.4,2,0,0,12,25,8,80,13,16,,,0,0.20491803278688525,1.5163934426229508,0.0819672131147541,3.278688524590164,0.6557377049180328,0.5327868852459017,0.49180327868852464,1.0245901639344264
242,ENG-Premier League,2425,Nottingham,Chris Wood,NZL,FW,32,1991,36,35,2959,32.9,20,3,23,17,3,3,1,0,0.61,0.09,0.7,0.52,0.61,NZL,FW,32,1991,32.9,20,68,35,51.5,2.07,1.06,0.29,0.57,3,3,NZL,FW,32,1991,32.9,1,0,0,25,24,28,1,6,5,,,0,0.60790273556231,2.066869300911854,0.0911854103343465,0.030395136778115502,0.1519756838905775,0.182370820668693,0.7598784194528876,0.729483282674772
243,ENG-Premier League,2425,Nottingham,Elliot Anderson,ENG,MF,21,2002,37,33,2728,30.3,2,6,8,2,0,0,10,0,0.07,0.2,0.26,0.07,0.26,ENG,MF,21,2002,30.3,2,40,7,17.5,1.32,0.23,0.05,0.29,0,0,ENG,MF,21,2002,30.3,10,0,0,47,57,4,86,29,55,,,0,0.066006600660066,1.3201320132013201,0.198019801980198,2.8382838283828384,1.8151815181518152,0.957095709570957,1.551155115511551,1.881188118811881
244,ENG-Premier League,2425,Nottingham,Matz Sels,BEL,GK,32,1992,38,38,3420,38.0,0,0,0,0,0,0,4,0,0.0,0.0,0.0,0.0,0.0,BEL,GK,32,1992,38.0,0,0,0,,0.0,0.0,,,0,0,BEL,GK,32,1992,38.0,4,0,0,1,8,0,0,0,1,,,0,0.0,0.0,0.0,0.0,0.02631578947368421,0.0,0.02631578947368421,0.21052631578947367
245,ENG-Premier League,2425,Nottingham,Morato,BRA,DF,23,2001,26,6,907,10.1,0,0,0,0,0,0,5,0,0.0,0.0,0.0,0.0,0.0,BRA,DF,23,2001,10.1,0,2,1,50.0,0.2,0.1,0.0,0.0,0,0,BRA,DF,23,2001,10.1,5,0,0,11,2,0,0,9,14,,,0,0.0,0.19801980198019803,0.0,0.0,1.3861386138613863,0.8910891089108911,1.0891089108910892,0.19801980198019803
246,ENG-Premier League,2425,Nottingham,Morgan Gibbs-White,ENG,MF,24,2000,34,34,2803,31.1,7,8,15,7,0,0,11,1,0.22,0.26,0.48,0.22,0.48,ENG,MF,24,2000,31.1,7,61,22,36.1,1.96,0.71,0.11,0.32,0,0,ENG,MF,24,2000,31.1,11,1,1,38,40,7,46,22,21,,,0,0.22508038585209003,1.9614147909967845,0.2572347266881029,1.4790996784565915,0.67524115755627,0.7073954983922829,1.2218649517684887,1.2861736334405145
247,ENG-Premier League,2425,Nottingham,Murillo,BRA,DF,22,2002,36,36,3188,35.4,2,0,2,2,0,0,6,0,0.06,0.0,0.06,0.06,0.06,BRA,DF,22,2002,35.4,2,25,6,24.0,0.71,0.17,0.08,0.33,0,0,BRA,DF,22,2002,35.4,6,0,0,27,7,0,14,36,39,,,0,0.05649717514124294,0.7062146892655368,0.0,0.3954802259887006,1.1016949152542372,1.0169491525423728,0.7627118644067797,0.1977401129943503
248,ENG-Premier League,2425,Nottingham,Neco Williams,WAL,"DF,MF",23,2001,35,28,2594,28.8,1,3,4,1,0,0,7,0,0.03,0.1,0.14,0.03,0.14,WAL,"DF,MF",23,2001,28.8,1,37,7,18.9,1.28,0.24,0.03,0.14,0,0,WAL,"DF,MF",23,2001,28.8,7,0,0,24,43,2,60,30,57,,,0,0.034722222222222224,1.284722222222222,0.10416666666666666,2.0833333333333335,1.9791666666666665,1.0416666666666667,0.8333333333333333,1.4930555555555556
249,ENG-Premier League,2425,Nottingham,Nicolás Domínguez,ARG,MF,26,1998,34,23,1963,21.8,0,1,1,0,0,0,9,0,0.0,0.05,0.05,0.0,0.05,ARG,MF,26,1998,21.8,0,21,9,42.9,0.96,0.41,0.0,0.0,0,0,ARG,MF,26,1998,21.8,9,0,0,33,18,1,8,28,48,,,0,0.0,0.963302752293578,0.04587155963302752,0.36697247706422015,2.2018348623853212,1.2844036697247705,1.5137614678899083,0.8256880733944953
250,ENG-Premier League,2425,Nottingham,Nikola Milenković,SRB,DF,26,1997,37,37,3330,37.0,5,2,7,5,0,0,4,0,0.14,0.05,0.19,0.14,0.19,SRB,DF,26,1997,37.0,5,29,8,27.6,0.78,0.22,0.17,0.63,0,0,SRB,DF,26,1997,37.0,4,0,0,20,5,2,0,25,28,,,0,0.13513513513513514,0.7837837837837838,0.05405405405405406,0.0,0.7567567567567568,0.6756756756756757,0.5405405405405406,0.13513513513513514
251,ENG-Premier League,2425,Nottingham,Ola Aina,NGA,DF,27,1996,35,35,2995,33.3,2,1,3,2,0,0,5,0,0.06,0.03,0.09,0.06,0.09,NGA,DF,27,1996,33.3,2,11,2,18.2,0.33,0.06,0.18,1.0,0,0,NGA,DF,27,1996,33.3,5,0,0,23,35,2,59,31,41,,,0,0.060060060060060066,0.3303303303303304,0.030030030030030033,1.771771771771772,1.2312312312312312,0.930930930930931,0.6906906906906908,1.0510510510510511
252,ENG-Premier League,2425,Nottingham,Ryan Yates,ENG,MF,26,1997,35,18,1915,21.3,2,1,3,2,0,0,10,0,0.09,0.05,0.14,0.09,0.14,ENG,MF,26,1997,21.3,2,33,9,27.3,1.55,0.42,0.06,0.22,0,0,ENG,MF,26,1997,21.3,10,0,0,54,48,7,8,25,21,,,0,0.09389671361502347,1.5492957746478873,0.046948356807511735,0.3755868544600939,0.9859154929577465,1.1737089201877935,2.5352112676056335,2.2535211267605635
253,ENG-Premier League,2425,Nottingham,Álex Moreno,ESP,DF,31,1993,15,11,955,10.6,0,1,1,0,0,0,2,0,0.0,0.09,0.09,0.0,0.09,ESP,DF,31,1993,10.6,0,6,0,0.0,0.57,0.0,0.0,,0,0,ESP,DF,31,1993,10.6,2,0,0,12,6,0,19,16,18,,,0,0.0,0.5660377358490566,0.09433962264150944,1.7924528301886793,1.6981132075471699,1.509433962264151,1.1320754716981132,0.5660377358490566
254,ENG-Premier League,2425,Southampton,Aaron Ramsdale,ENG,GK,26,1998,30,30,2700,30.0,0,0,0,0,0,0,2,0,0.0,0.0,0.0,0.0,0.0,ENG,GK,26,1998,30.0,0,0,0,,0.0,0.0,,,0,0,ENG,GK,26,1998,30.0,2,0,0,1,4,0,0,1,0,,,0,0.0,0.0,0.0,0.0,0.0,0.03333333333333333,0.03333333333333333,0.13333333333333333
255,ENG-Premier League,2425,Southampton,Adam Armstrong,ENG,"FW,MF",27,1997,20,15,1248,13.9,2,2,4,2,0,1,4,0,0.14,0.14,0.29,0.14,0.29,ENG,"FW,MF",27,1997,13.9,2,26,9,34.6,1.87,0.65,0.08,0.22,0,1,ENG,"FW,MF",27,1997,13.9,4,0,0,12,5,9,14,4,3,,,0,0.14388489208633093,1.870503597122302,0.14388489208633093,1.0071942446043165,0.2158273381294964,0.28776978417266186,0.8633093525179856,0.3597122302158273
256,ENG-Premier League,2425,Southampton,Cameron Archer,ENG,FW,23,2001,35,13,1441,16.0,2,0,2,2,0,1,0,0,0.12,0.0,0.12,0.12,0.12,ENG,FW,23,2001,16.0,2,29,11,37.9,1.81,0.69,0.07,0.18,0,1,ENG,FW,23,2001,16.0,0,0,0,16,13,8,4,1,9,,,0,0.125,1.8125,0.0,0.25,0.5625,0.0625,1.0,0.8125
257,ENG-Premier League,2425,Southampton,Flynn Downes,ENG,MF,25,1999,27,25,2151,23.9,1,0,1,1,0,0,12,0,0.04,0.0,0.04,0.04,0.04,ENG,MF,25,1999,23.9,1,10,3,30.0,0.42,0.13,0.1,0.33,0,0,ENG,MF,25,1999,23.9,12,0,0,50,39,0,4,31,27,,,0,0.041841004184100423,0.4184100418410042,0.0,0.1673640167364017,1.1297071129707115,1.2970711297071131,2.092050209205021,1.6317991631799165
258,ENG-Premier League,2425,Southampton,Jack Stephens,ENG,DF,30,1994,19,17,1389,15.4,1,0,1,1,0,0,2,2,0.06,0.0,0.06,0.06,0.06,ENG,DF,30,1994,15.4,1,4,2,50.0,0.26,0.13,0.25,0.5,0,0,ENG,DF,30,1994,15.4,2,2,0,13,4,1,1,12,20,,,0,0.06493506493506493,0.2597402597402597,0.0,0.06493506493506493,1.2987012987012987,0.7792207792207793,0.8441558441558441,0.2597402597402597
259,ENG-Premier League,2425,Southampton,James Bree,ENG,"DF,MF",26,1997,17,13,1075,11.9,0,1,1,0,0,0,0,0,0.0,0.08,0.08,0.0,0.08,ENG,"DF,MF",26,1997,11.9,0,4,1,25.0,0.33,0.08,0.0,0.0,0,0,ENG,"DF,MF",26,1997,11.9,0,0,0,4,5,0,29,5,13,,,0,0.0,0.3361344537815126,0.08403361344537814,2.436974789915966,1.0924369747899159,0.42016806722689076,0.3361344537815126,0.42016806722689076
260,ENG-Premier League,2425,Southampton,Jan Bednarek,POL,DF,28,1996,30,30,2531,28.1,2,0,2,2,0,0,7,0,0.07,0.0,0.07,0.07,0.07,POL,DF,28,1996,28.1,2,5,3,60.0,0.18,0.11,0.4,0.67,0,0,POL,DF,28,1996,28.1,7,0,0,31,13,0,1,55,19,,,0,0.07117437722419928,0.1779359430604982,0.0,0.03558718861209964,0.6761565836298932,1.9572953736654803,1.103202846975089,0.4626334519572953
261,ENG-Premier League,2425,Southampton,Joe Aribo,NGA,MF,28,1996,32,21,2013,22.4,3,0,3,3,0,0,1,0,0.13,0.0,0.13,0.13,0.13,NGA,MF,28,1996,22.4,3,17,7,41.2,0.76,0.31,0.18,0.43,0,0,NGA,MF,28,1996,22.4,1,0,0,20,27,1,10,20,34,,,0,0.13392857142857142,0.7589285714285715,0.0,0.44642857142857145,1.517857142857143,0.8928571428571429,0.8928571428571429,1.205357142857143
262,ENG-Premier League,2425,Southampton,Kamaldeen Sulemana,GHA,"FW,MF",22,2002,26,17,1402,15.6,1,1,2,1,0,0,2,0,0.06,0.06,0.13,0.06,0.13,GHA,"FW,MF",22,2002,15.6,1,29,8,27.6,1.86,0.51,0.03,0.13,0,0,GHA,"FW,MF",22,2002,15.6,2,0,0,22,11,3,26,5,16,,,0,0.06410256410256411,1.858974358974359,0.06410256410256411,1.6666666666666667,1.0256410256410258,0.32051282051282054,1.4102564102564104,0.7051282051282052
263,ENG-Premier League,2425,Southampton,Kyle Walker-Peters,ENG,"MF,DF",27,1997,33,33,2918,32.4,0,2,2,0,0,0,5,0,0.0,0.06,0.06,0.0,0.06,ENG,"MF,DF",27,1997,32.4,0,20,6,30.0,0.62,0.19,0.0,0.0,0,0,ENG,"MF,DF",27,1997,32.4,5,0,0,28,52,2,50,19,32,,,0,0.0,0.617283950617284,0.0617283950617284,1.5432098765432098,0.9876543209876544,0.5864197530864198,0.8641975308641976,1.6049382716049383
264,ENG-Premier League,2425,Southampton,Lesley Ugochukwu,FRA,MF,20,2004,26,18,1655,18.4,1,1,2,1,0,0,7,0,0.05,0.05,0.11,0.05,0.11,FRA,MF,20,2004,18.4,1,10,1,10.0,0.54,0.05,0.1,1.0,0,0,FRA,MF,20,2004,18.4,7,0,0,31,16,0,6,14,22,,,0,0.05434782608695653,0.5434782608695653,0.05434782608695653,0.32608695652173914,1.1956521739130437,0.7608695652173914,1.6847826086956523,0.8695652173913044
265,ENG-Premier League,2425,Southampton,Mateus Fernandes,POR,MF,20,2004,36,34,2909,32.3,2,4,6,2,0,0,8,0,0.06,0.12,0.19,0.06,0.19,POR,MF,20,2004,32.3,2,42,14,33.3,1.3,0.43,0.05,0.14,0,0,POR,MF,20,2004,32.3,8,0,0,46,54,4,113,25,50,,,0,0.061919504643962855,1.30030959752322,0.12383900928792571,3.4984520123839014,1.5479876160990713,0.7739938080495357,1.4241486068111457,1.6718266253869971
266,ENG-Premier League,2425,Southampton,Paul Onuachu,NGA,FW,30,1994,25,11,1050,11.7,4,1,5,4,0,0,4,0,0.34,0.09,0.43,0.34,0.43,NGA,FW,30,1994,11.7,4,34,15,44.1,2.91,1.29,0.12,0.27,0,0,NGA,FW,30,1994,11.7,4,0,0,28,16,10,0,1,2,,,0,0.3418803418803419,2.9059829059829063,0.08547008547008547,0.0,0.17094017094017094,0.08547008547008547,2.393162393162393,1.3675213675213675
267,ENG-Premier League,2425,Southampton,Ryan Manning,IRL,"DF,MF",28,1996,24,18,1462,16.2,0,1,1,0,0,0,2,0,0.0,0.06,0.06,0.0,0.06,IRL,"DF,MF",28,1996,16.2,0,8,1,12.5,0.49,0.06,0.0,0.0,0,0,IRL,"DF,MF",28,1996,16.2,2,0,0,19,33,0,84,17,18,,,0,0.0,0.4938271604938272,0.0617283950617284,5.185185185185185,1.1111111111111112,1.0493827160493827,1.1728395061728396,2.037037037037037
268,ENG-Premier League,2425,Southampton,Taylor Harwood-Bellis,ENG,DF,22,2002,34,32,2825,31.4,1,0,1,1,0,0,9,0,0.03,0.0,0.03,0.03,0.03,ENG,DF,22,2002,31.4,1,20,8,40.0,0.64,0.25,0.05,0.13,0,0,ENG,DF,22,2002,31.4,9,0,0,35,14,0,10,29,22,,,0,0.03184713375796178,0.6369426751592357,0.0,0.3184713375796179,0.7006369426751593,0.9235668789808917,1.1146496815286624,0.445859872611465
269,ENG-Premier League,2425,Southampton,Tyler Dibling,ENG,"MF,FW",18,2006,33,20,1874,20.8,2,0,2,2,0,0,6,0,0.1,0.0,0.1,0.1,0.1,ENG,"MF,FW",18,2006,20.8,2,28,9,32.1,1.34,0.43,0.07,0.22,0,0,ENG,"MF,FW",18,2006,20.8,6,0,0,30,51,2,28,7,21,,,0,0.09615384615384615,1.346153846153846,0.0,1.346153846153846,1.0096153846153846,0.3365384615384615,1.4423076923076923,2.4519230769230766
270,ENG-Premier League,2425,Southampton,Yukinari Sugawara,JPN,"MF,DF",24,2000,30,16,1557,17.3,1,1,2,1,0,0,4,0,0.06,0.06,0.12,0.06,0.12,JPN,"MF,DF",24,2000,17.3,1,14,6,42.9,0.81,0.35,0.07,0.17,0,0,JPN,"MF,DF",24,2000,17.3,4,0,0,15,10,4,70,9,16,,,0,0.057803468208092484,0.8092485549132947,0.057803468208092484,4.0462427745664735,0.9248554913294798,0.5202312138728323,0.8670520231213873,0.5780346820809248
271,ENG-Premier League,2425,Tottenham,Archie Gray,ENG,"DF,MF",18,2006,28,19,1751,19.5,0,0,0,0,0,0,1,0,0.0,0.0,0.0,0.0,0.0,ENG,"DF,MF",18,2006,19.5,0,1,1,100.0,0.05,0.05,0.0,0.0,0,0,ENG,"DF,MF",18,2006,19.5,1,0,0,17,11,0,17,18,9,,,1,0.0,0.05128205128205128,0.0,0.8717948717948718,0.46153846153846156,0.9230769230769231,0.8717948717948718,0.5641025641025641
272,ENG-Premier League,2425,Tottenham,Ben Davies,WAL,DF,31,1993,17,14,1331,14.8,0,0,0,0,0,0,5,0,0.0,0.0,0.0,0.0,0.0,WAL,DF,31,1993,14.8,0,5,1,20.0,0.34,0.07,0.0,0.0,0,0,WAL,DF,31,1993,14.8,5,0,0,17,7,0,4,12,11,,,0,0.0,0.33783783783783783,0.0,0.27027027027027023,0.7432432432432432,0.8108108108108107,1.1486486486486487,0.47297297297297297
273,ENG-Premier League,2425,Tottenham,Brennan Johnson,WAL,"FW,MF",23,2001,33,24,2177,24.2,11,3,14,11,0,0,5,0,0.45,0.12,0.58,0.45,0.58,WAL,"FW,MF",23,2001,24.2,11,54,20,37.0,2.23,0.83,0.2,0.55,0,0,WAL,"FW,MF",23,2001,24.2,5,0,0,27,26,12,52,4,23,,,0,0.4545454545454546,2.231404958677686,0.12396694214876033,2.1487603305785123,0.9504132231404959,0.1652892561983471,1.115702479338843,1.0743801652892562
274,ENG-Premier League,2425,Tottenham,Cristian Romero,ARG,DF,26,1998,18,18,1416,15.7,1,0,1,1,0,0,3,0,0.06,0.0,0.06,0.06,0.06,ARG,DF,26,1998,15.7,1,16,8,50.0,1.02,0.51,0.06,0.13,0,0,ARG,DF,26,1998,15.7,3,0,0,14,12,2,3,15,29,,,0,0.06369426751592357,1.019108280254777,0.0,0.1910828025477707,1.8471337579617835,0.9554140127388535,0.89171974522293,0.7643312101910829
275,ENG-Premier League,2425,Tottenham,Dejan Kulusevski,SWE,"MF,FW",24,2000,32,27,2389,26.5,7,4,11,7,0,0,3,0,0.26,0.15,0.41,0.26,0.41,SWE,"MF,FW",24,2000,26.5,7,47,18,38.3,1.77,0.68,0.15,0.39,0,0,SWE,"MF,FW",24,2000,26.5,3,0,0,48,38,5,84,10,21,,,0,0.2641509433962264,1.7735849056603774,0.1509433962264151,3.169811320754717,0.7924528301886793,0.37735849056603776,1.8113207547169812,1.4339622641509433
276,ENG-Premier League,2425,Tottenham,Destiny Udogie,ITA,DF,21,2002,25,24,1924,21.4,0,1,1,0,0,0,2,0,0.0,0.05,0.05,0.0,0.05,ITA,DF,21,2002,21.4,0,5,1,20.0,0.23,0.05,0.0,0.0,0,0,ITA,DF,21,2002,21.4,2,0,0,28,38,3,19,21,45,,,1,0.0,0.23364485981308414,0.04672897196261683,0.8878504672897197,2.1028037383177574,0.9813084112149534,1.3084112149532712,1.7757009345794394
277,ENG-Premier League,2425,Tottenham,Djed Spence,ENG,DF,23,2000,25,19,1792,19.9,1,2,3,1,0,0,4,1,0.05,0.1,0.15,0.05,0.15,ENG,DF,23,2000,19.9,1,10,3,30.0,0.5,0.15,0.1,0.33,0,0,ENG,DF,23,2000,19.9,4,1,1,21,23,2,23,21,33,,,1,0.05025125628140704,0.5025125628140704,0.10050251256281408,1.155778894472362,1.6582914572864322,1.0552763819095479,1.0552763819095479,1.155778894472362
278,ENG-Premier League,2425,Tottenham,Dominic Solanke,ENG,FW,26,1997,27,25,2201,24.5,9,3,12,8,1,1,0,0,0.37,0.12,0.49,0.33,0.45,ENG,FW,26,1997,24.5,9,60,26,43.3,2.45,1.06,0.15,0.35,1,1,ENG,FW,26,1997,24.5,0,0,0,36,36,5,4,1,10,,,1,0.3673469387755102,2.4489795918367347,0.12244897959183673,0.16326530612244897,0.40816326530612246,0.04081632653061224,1.469387755102041,1.469387755102041
279,ENG-Premier League,2425,Tottenham,Guglielmo Vicario,ITA,GK,27,1996,24,24,2160,24.0,0,0,0,0,0,0,1,0,0.0,0.0,0.0,0.0,0.0,ITA,GK,27,1996,24.0,0,0,0,,0.0,0.0,,,0,0,ITA,GK,27,1996,24.0,1,0,0,0,2,0,0,1,0,,,0,0.0,0.0,0.0,0.0,0.0,0.041666666666666664,0.0,0.08333333333333333
280,ENG-Premier League,2425,Tottenham,James Maddison,ENG,MF,27,1996,31,21,1809,20.1,9,7,16,9,0,0,6,0,0.45,0.35,0.8,0.45,0.8,ENG,MF,27,1996,20.1,9,39,17,43.6,1.94,0.85,0.23,0.53,0,0,ENG,MF,27,1996,20.1,6,0,0,32,64,4,96,10,19,,,0,0.4477611940298507,1.9402985074626864,0.34825870646766166,4.776119402985074,0.9452736318407959,0.49751243781094523,1.5920398009950247,3.1840796019900495
281,ENG-Premier League,2425,Tottenham,Lucas Bergvall,SWE,MF,18,2006,27,11,1212,13.5,0,1,1,0,0,0,3,0,0.0,0.07,0.07,0.0,0.07,SWE,MF,18,2006,13.5,0,12,2,16.7,0.89,0.15,0.0,0.0,0,0,SWE,MF,18,2006,13.5,3,0,0,20,17,0,21,21,18,,,0,0.0,0.8888888888888888,0.07407407407407407,1.5555555555555556,1.3333333333333333,1.5555555555555556,1.4814814814814814,1.2592592592592593
282,ENG-Premier League,2425,Tottenham,Mathys Tel,FRA,FW,19,2005,13,11,911,10.1,2,1,3,1,1,1,2,0,0.2,0.1,0.3,0.1,0.2,FRA,FW,19,2005,10.1,2,23,9,39.1,2.27,0.89,0.09,0.22,1,1,FRA,FW,19,2005,10.1,2,0,0,15,16,1,32,2,5,,,0,0.19801980198019803,2.2772277227722775,0.09900990099009901,3.1683168316831685,0.49504950495049505,0.19801980198019803,1.4851485148514851,1.5841584158415842
283,ENG-Premier League,2425,Tottenham,Micky van de Ven,NED,DF,23,2001,13,12,1015,11.3,0,2,2,0,0,0,4,0,0.0,0.18,0.18,0.0,0.18,NED,DF,23,2001,11.3,0,6,2,33.3,0.53,0.18,0.0,0.0,0,0,NED,DF,23,2001,11.3,4,0,0,10,9,0,0,9,7,,,0,0.0,0.5309734513274336,0.17699115044247787,0.0,0.6194690265486725,0.7964601769911503,0.8849557522123893,0.7964601769911503
284,ENG-Premier League,2425,Tottenham,Pape Matar Sarr,SEN,MF,21,2002,36,22,1913,21.3,3,2,5,3,0,0,6,0,0.14,0.09,0.24,0.14,0.24,SEN,MF,21,2002,21.3,3,34,13,38.2,1.6,0.61,0.09,0.23,0,0,SEN,MF,21,2002,21.3,6,0,0,33,35,2,14,27,36,,,0,0.14084507042253522,1.596244131455399,0.09389671361502347,0.6572769953051643,1.6901408450704225,1.2676056338028168,1.5492957746478873,1.6431924882629108
285,ENG-Premier League,2425,Tottenham,Pedro Porro,ESP,DF,24,1999,33,28,2610,29.0,2,6,8,2,0,0,5,0,0.07,0.21,0.28,0.07,0.28,ESP,DF,24,1999,29.0,2,39,8,20.5,1.34,0.28,0.05,0.25,0,0,ESP,DF,24,1999,29.0,5,0,0,25,33,1,200,31,45,,,0,0.06896551724137931,1.3448275862068966,0.20689655172413793,6.896551724137931,1.5517241379310345,1.0689655172413792,0.8620689655172413,1.1379310344827587
286,ENG-Premier League,2425,Tottenham,Radu Drăgușin,ROU,DF,22,2002,16,14,1252,13.9,0,0,0,0,0,0,1,0,0.0,0.0,0.0,0.0,0.0,ROU,DF,22,2002,13.9,0,5,1,20.0,0.36,0.07,0.0,0.0,0,0,ROU,DF,22,2002,13.9,1,0,0,6,10,0,1,13,6,,,0,0.0,0.3597122302158273,0.0,0.07194244604316546,0.4316546762589928,0.935251798561151,0.4316546762589928,0.7194244604316546
287,ENG-Premier League,2425,Tottenham,Rodrigo Bentancur,URU,MF,27,1997,26,21,1645,18.3,2,0,2,2,0,0,9,0,0.11,0.0,0.11,0.11,0.11,URU,MF,27,1997,18.3,2,22,6,27.3,1.2,0.33,0.09,0.33,0,0,URU,MF,27,1997,18.3,9,0,0,34,10,1,4,38,22,,,0,0.1092896174863388,1.2021857923497268,0.0,0.2185792349726776,1.2021857923497268,2.0765027322404372,1.8579234972677594,0.5464480874316939
288,ENG-Premier League,2425,Tottenham,Son Heung-min,KOR,"FW,MF",32,1992,30,24,2110,23.4,7,9,16,6,1,2,1,0,0.3,0.38,0.68,0.26,0.64,KOR,"FW,MF",32,1992,23.4,7,57,26,45.6,2.43,1.11,0.12,0.27,1,2,KOR,"FW,MF",32,1992,23.4,1,0,0,6,28,12,76,4,9,,,0,0.29914529914529914,2.435897435897436,0.38461538461538464,3.247863247863248,0.38461538461538464,0.17094017094017094,0.25641025641025644,1.1965811965811965
289,ENG-Premier League,2425,Tottenham,Yves Bissouma,MLI,MF,27,1996,28,16,1408,15.6,2,0,2,2,0,0,7,0,0.13,0.0,0.13,0.13,0.13,MLI,MF,27,1996,15.6,2,11,4,36.4,0.7,0.26,0.18,0.5,0,0,MLI,MF,27,1996,15.6,7,0,0,29,18,0,2,16,29,,,0,0.12820512820512822,0.7051282051282052,0.0,0.12820512820512822,1.858974358974359,1.0256410256410258,1.858974358974359,1.153846153846154
290,ENG-Premier League,2425,West Ham,Aaron Wan-Bissaka,COD,"DF,MF",26,1997,36,35,3154,35.0,2,5,7,2,0,0,1,0,0.06,0.14,0.2,0.06,0.2,COD,"DF,MF",26,1997,35.0,2,16,5,31.3,0.46,0.14,0.13,0.4,0,0,COD,"DF,MF",26,1997,35.0,1,0,0,25,28,5,76,61,49,,,1,0.05714285714285714,0.45714285714285713,0.14285714285714285,2.1714285714285713,1.4,1.7428571428571429,0.7142857142857143,0.8
291,ENG-Premier League,2425,West Ham,Alphonse Areola,FRA,GK,31,1993,26,25,2260,25.1,0,0,0,0,0,0,0,0,0.0,0.0,0.0,0.0,0.0,FRA,GK,31,1993,25.1,0,0,0,,0.0,0.0,,,0,0,FRA,GK,31,1993,25.1,0,0,0,0,0,0,0,0,2,,,1,0.0,0.0,0.0,0.0,0.0796812749003984,0.0,0.0,0.0
292,ENG-Premier League,2425,West Ham,Carlos Soler,ESP,MF,27,1997,31,14,1409,15.7,1,1,2,1,0,0,6,0,0.06,0.06,0.13,0.06,0.13,ESP,MF,27,1997,15.7,1,25,9,36.0,1.6,0.57,0.04,0.11,0,0,ESP,MF,27,1997,15.7,6,0,0,26,19,0,35,8,11,,,0,0.06369426751592357,1.5923566878980893,0.06369426751592357,2.229299363057325,0.7006369426751593,0.5095541401273885,1.6560509554140128,1.2101910828025477
293,ENG-Premier League,2425,West Ham,Edson Álvarez,MEX,MF,26,1997,28,20,1772,19.7,0,1,1,0,0,0,9,1,0.0,0.05,0.05,0.0,0.05,MEX,MF,26,1997,19.7,0,12,1,8.3,0.61,0.05,0.0,0.0,0,0,MEX,MF,26,1997,19.7,9,1,1,42,18,4,7,18,26,,,0,0.0,0.6091370558375635,0.050761421319796954,0.3553299492385787,1.3197969543147208,0.9137055837563453,2.1319796954314723,0.9137055837563453
294,ENG-Premier League,2425,West Ham,Emerson Palmieri,ITA,"DF,MF",29,1994,31,26,2113,23.5,2,1,3,2,0,0,5,0,0.09,0.04,0.13,0.09,0.13,ITA,"DF,MF",29,1994,23.5,2,16,7,43.8,0.68,0.3,0.13,0.29,0,0,ITA,"DF,MF",29,1994,23.5,5,0,0,25,13,0,62,22,31,,,0,0.0851063829787234,0.6808510638297872,0.0425531914893617,2.6382978723404253,1.3191489361702127,0.9361702127659575,1.0638297872340425,0.5531914893617021
295,ENG-Premier League,2425,West Ham,Guido Rodríguez,ARG,MF,30,1994,23,16,1149,12.8,0,1,1,0,0,0,6,0,0.0,0.08,0.08,0.0,0.08,ARG,MF,30,1994,12.8,0,8,1,12.5,0.63,0.08,0.0,0.0,0,0,ARG,MF,30,1994,12.8,6,0,0,18,12,2,5,13,21,,,0,0.0,0.625,0.078125,0.390625,1.640625,1.015625,1.40625,0.9375
296,ENG-Premier League,2425,West Ham,James Ward-Prowse,ENG,MF,29,1994,15,12,1039,11.5,1,1,2,1,0,0,2,0,0.09,0.09,0.17,0.09,0.17,ENG,MF,29,1994,11.5,1,12,4,33.3,1.04,0.35,0.08,0.25,0,0,ENG,MF,29,1994,11.5,2,0,0,10,4,0,48,8,14,,,0,0.08695652173913043,1.0434782608695652,0.08695652173913043,4.173913043478261,1.2173913043478262,0.6956521739130435,0.8695652173913043,0.34782608695652173
297,ENG-Premier League,2425,West Ham,Jarrod Bowen,ENG,"MF,FW",27,1996,34,34,2973,33.0,13,8,21,12,1,1,1,0,0.39,0.24,0.64,0.36,0.61,ENG,"MF,FW",27,1996,33.0,13,87,37,42.5,2.63,1.12,0.15,0.35,1,1,ENG,"MF,FW",27,1996,33.0,1,0,0,20,51,10,106,16,25,,,0,0.3939393939393939,2.6363636363636362,0.24242424242424243,3.212121212121212,0.7575757575757576,0.48484848484848486,0.6060606060606061,1.5454545454545454
298,ENG-Premier League,2425,West Ham,Jean-Clair Todibo,FRA,DF,24,1999,27,20,1825,20.3,0,0,0,0,0,0,3,0,0.0,0.0,0.0,0.0,0.0,FRA,DF,24,1999,20.3,0,5,0,0.0,0.25,0.0,0.0,,0,0,FRA,DF,24,1999,20.3,3,0,0,16,6,0,3,23,26,,,0,0.0,0.24630541871921183,0.0,0.14778325123152708,1.2807881773399015,1.1330049261083743,0.7881773399014778,0.29556650246305416
299,ENG-Premier League,2425,West Ham,Konstantinos Mavropanos,GRE,DF,26,1997,33,21,2045,22.7,0,0,0,0,0,0,6,1,0.0,0.0,0.0,0.0,0.0,GRE,DF,26,1997,22.7,0,18,5,27.8,0.79,0.22,0.0,0.0,0,0,GRE,DF,26,1997,22.7,6,1,1,17,16,3,2,39,23,,,0,0.0,0.7929515418502203,0.0,0.0881057268722467,1.013215859030837,1.7180616740088106,0.748898678414097,0.7048458149779736
300,ENG-Premier League,2425,West Ham,Lucas Paquetá,BRA,"MF,FW",26,1997,33,27,2380,26.4,4,0,4,2,2,2,10,0,0.15,0.0,0.15,0.08,0.08,BRA,"MF,FW",26,1997,26.4,4,41,6,14.6,1.55,0.23,0.1,0.67,2,2,BRA,"MF,FW",26,1997,26.4,10,0,0,53,62,5,29,17,36,,,0,0.15151515151515152,1.5530303030303032,0.0,1.0984848484848486,1.3636363636363638,0.6439393939393939,2.007575757575758,2.3484848484848486
301,ENG-Premier League,2425,West Ham,Max Kilman,ENG,DF,27,1997,38,38,3348,37.2,0,1,1,0,0,0,5,0,0.0,0.03,0.03,0.0,0.03,ENG,DF,27,1997,37.2,0,13,3,23.1,0.35,0.08,0.0,0.0,0,0,ENG,DF,27,1997,37.2,5,0,0,23,13,2,4,36,26,,,0,0.0,0.3494623655913978,0.026881720430107524,0.1075268817204301,0.6989247311827956,0.9677419354838709,0.6182795698924731,0.3494623655913978
302,ENG-Premier League,2425,West Ham,Mohammed Kudus,GHA,"MF,FW",23,2000,32,31,2590,28.8,5,3,8,5,0,0,2,1,0.17,0.1,0.28,0.17,0.28,GHA,"MF,FW",23,2000,28.8,5,75,22,29.3,2.61,0.76,0.07,0.23,0,0,GHA,"MF,FW",23,2000,28.8,2,1,0,39,64,18,81,4,23,,,0,0.1736111111111111,2.6041666666666665,0.10416666666666666,2.8125,0.798611111111111,0.1388888888888889,1.3541666666666667,2.2222222222222223
303,ENG-Premier League,2425,West Ham,Tomáš Souček,CZE,MF,29,1995,35,30,2567,28.5,9,1,10,9,0,0,8,0,0.32,0.04,0.35,0.32,0.35,CZE,MF,29,1995,28.5,9,55,18,32.7,1.93,0.63,0.16,0.5,0,0,CZE,MF,29,1995,28.5,8,0,0,47,25,4,13,20,22,,,0,0.3157894736842105,1.9298245614035088,0.03508771929824561,0.45614035087719296,0.7719298245614035,0.7017543859649122,1.6491228070175439,0.8771929824561403
304,ENG-Premier League,2425,West Ham,Vladimír Coufal,CZE,"DF,MF",31,1992,22,11,1067,11.9,0,0,0,0,0,0,5,0,0.0,0.0,0.0,0.0,0.0,CZE,"DF,MF",31,1992,11.9,0,7,2,28.6,0.59,0.17,0.0,0.0,0,0,CZE,"DF,MF",31,1992,11.9,5,0,0,22,16,0,28,8,16,,,1,0.0,0.5882352941176471,0.0,2.3529411764705883,1.3445378151260503,0.6722689075630252,1.8487394957983192,1.3445378151260503
305,ENG-Premier League,2425,West Ham,Łukasz Fabiański,POL,GK,39,1985,14,13,1160,12.9,0,0,0,0,0,0,2,0,0.0,0.0,0.0,0.0,0.0,POL,GK,39,1985,12.9,0,0,0,,0.0,0.0,,,0,0,POL,GK,39,1985,12.9,2,0,0,2,1,0,0,0,0,,,0,0.0,0.0,0.0,0.0,0.0,0.0,0.15503875968992248,0.07751937984496124
306,ENG-Premier League,2425,Wolves,André,BRA,MF,23,2001,33,31,2472,27.5,0,0,0,0,0,0,7,0,0.0,0.0,0.0,0.0,0.0,BRA,MF,23,2001,27.5,0,10,1,10.0,0.36,0.04,0.0,0.0,0,0,BRA,MF,23,2001,27.5,7,0,0,36,34,0,0,37,55,,,0,0.0,0.36363636363636365,0.0,0.0,2.0,1.3454545454545455,1.309090909090909,1.2363636363636363
307,ENG-Premier League,2425,Wolves,Craig Dawson,ENG,DF,34,1990,15,10,971,10.8,0,0,0,0,0,0,2,0,0.0,0.0,0.0,0.0,0.0,ENG,DF,34,1990,10.8,0,5,1,20.0,0.46,0.09,0.0,0.0,0,0,ENG,DF,34,1990,10.8,2,0,0,6,5,2,0,10,4,,,2,0.0,0.4629629629629629,0.0,0.0,0.37037037037037035,0.9259259259259258,0.5555555555555555,0.4629629629629629
308,ENG-Premier League,2425,Wolves,Emmanuel Agbadou,CIV,DF,27,1997,16,16,1410,15.7,1,0,1,1,0,0,3,0,0.06,0.0,0.06,0.06,0.06,CIV,DF,27,1997,15.7,1,7,2,28.6,0.45,0.13,0.14,0.5,0,0,CIV,DF,27,1997,15.7,3,0,0,8,4,1,2,12,19,,,0,0.06369426751592357,0.445859872611465,0.0,0.12738853503184713,1.2101910828025477,0.7643312101910829,0.5095541401273885,0.25477707006369427
309,ENG-Premier League,2425,Wolves,Gonçalo Guedes,POR,"MF,FW",27,1996,29,10,995,11.1,2,4,6,2,0,0,1,0,0.18,0.36,0.54,0.18,0.54,POR,"MF,FW",27,1996,11.1,2,27,8,29.6,2.44,0.72,0.07,0.25,0,0,POR,"MF,FW",27,1996,11.1,1,0,0,14,17,3,22,3,6,,,0,0.1801801801801802,2.4324324324324325,0.3603603603603604,1.981981981981982,0.5405405405405406,0.2702702702702703,1.2612612612612613,1.5315315315315317
310,ENG-Premier League,2425,Wolves,Jean-Ricner Bellegarde,HAI,MF,26,1998,35,20,1677,18.6,2,7,9,2,0,0,3,0,0.11,0.38,0.48,0.11,0.48,HAI,MF,26,1998,18.6,2,22,5,22.7,1.18,0.27,0.09,0.4,0,0,HAI,MF,26,1998,18.6,3,0,0,31,46,1,42,8,23,,,0,0.1075268817204301,1.182795698924731,0.3763440860215054,2.258064516129032,1.2365591397849462,0.4301075268817204,1.6666666666666665,2.4731182795698925
311,ENG-Premier League,2425,Wolves,José Sá,POR,GK,31,1993,29,29,2609,29.0,0,0,0,0,0,0,2,0,0.0,0.0,0.0,0.0,0.0,POR,GK,31,1993,29.0,0,0,0,,0.0,0.0,,,0,0,POR,GK,31,1993,29.0,2,0,0,4,9,0,0,0,2,,,0,0.0,0.0,0.0,0.0,0.06896551724137931,0.0,0.13793103448275862,0.3103448275862069
312,ENG-Premier League,2425,Wolves,João Gomes,BRA,MF,23,2001,36,35,2974,33.0,3,1,4,3,0,0,11,1,0.09,0.03,0.12,0.09,0.12,BRA,MF,23,2001,33.0,3,35,7,20.0,1.06,0.21,0.09,0.43,0,0,BRA,MF,23,2001,33.0,11,1,1,70,46,1,29,25,78,,,0,0.09090909090909091,1.0606060606060606,0.030303030303030304,0.8787878787878788,2.3636363636363638,0.7575757575757576,2.121212121212121,1.393939393939394
313,ENG-Premier League,2425,Wolves,Jørgen Strand Larsen,NOR,FW,24,2000,35,30,2587,28.7,14,4,18,14,0,0,4,0,0.49,0.14,0.63,0.49,0.63,NOR,FW,24,2000,28.7,14,54,34,63.0,1.88,1.18,0.26,0.41,0,0,NOR,FW,24,2000,28.7,4,0,0,46,19,16,6,5,7,,,0,0.4878048780487805,1.8815331010452963,0.13937282229965156,0.20905923344947736,0.24390243902439024,0.17421602787456447,1.602787456445993,0.662020905923345
314,ENG-Premier League,2425,Wolves,Mario Lemina,GAB,"MF,DF",30,1993,17,15,1364,15.2,1,3,4,1,0,0,4,0,0.07,0.2,0.26,0.07,0.26,GAB,"MF,DF",30,1993,15.2,1,18,5,27.8,1.19,0.33,0.06,0.2,0,0,GAB,"MF,DF",30,1993,15.2,4,0,0,17,8,4,10,26,33,,,0,0.06578947368421052,1.1842105263157896,0.19736842105263158,0.6578947368421053,2.1710526315789473,1.7105263157894737,1.118421052631579,0.5263157894736842
315,ENG-Premier League,2425,Wolves,Marshall Munetsi,ZIM,"MF,FW",28,1996,14,12,1078,12.0,2,1,3,2,0,0,0,0,0.17,0.08,0.25,0.17,0.25,ZIM,"MF,FW",28,1996,12.0,2,22,7,31.8,1.84,0.58,0.09,0.29,0,0,ZIM,"MF,FW",28,1996,12.0,0,0,0,18,10,3,10,6,11,,,0,0.16666666666666666,1.8333333333333333,0.08333333333333333,0.8333333333333334,0.9166666666666666,0.5,1.5,0.8333333333333334
316,ENG-Premier League,2425,Wolves,Matheus Cunha,BRA,MF,25,1999,33,29,2597,28.9,15,6,21,15,0,0,4,0,0.52,0.21,0.73,0.52,0.73,BRA,MF,25,1999,28.9,15,110,44,40.0,3.81,1.52,0.14,0.34,0,0,BRA,MF,25,1999,28.9,4,0,0,43,71,8,143,14,23,,,0,0.5190311418685122,3.8062283737024223,0.20761245674740486,4.948096885813149,0.795847750865052,0.4844290657439447,1.4878892733564015,2.456747404844291
317,ENG-Premier League,2425,Wolves,Matt Doherty,IRL,"DF,MF",32,1992,30,25,2109,23.4,2,1,3,2,0,0,6,0,0.09,0.04,0.13,0.09,0.13,IRL,"DF,MF",32,1992,23.4,2,10,3,30.0,0.43,0.13,0.2,0.67,0,0,IRL,"DF,MF",32,1992,23.4,6,0,0,18,11,2,22,22,21,,,1,0.08547008547008547,0.4273504273504274,0.042735042735042736,0.9401709401709403,0.8974358974358975,0.9401709401709403,0.7692307692307693,0.47008547008547014
318,ENG-Premier League,2425,Wolves,Nélson Semedo,POR,"MF,DF",30,1993,34,32,2886,32.1,0,4,4,0,0,0,8,0,0.0,0.12,0.12,0.0,0.12,POR,"MF,DF",30,1993,32.1,0,18,7,38.9,0.56,0.22,0.0,0.0,0,0,POR,"MF,DF",30,1993,32.1,8,0,0,48,30,4,63,23,38,,,0,0.0,0.5607476635514018,0.12461059190031153,1.9626168224299065,1.1838006230529594,0.7165109034267912,1.4953271028037383,0.9345794392523364
319,ENG-Premier League,2425,Wolves,Rayan Aït-Nouri,ALG,"MF,DF",23,2001,37,37,3109,34.5,4,7,11,4,0,0,7,1,0.12,0.2,0.32,0.12,0.32,ALG,"MF,DF",23,2001,34.5,4,36,13,36.1,1.04,0.38,0.11,0.31,0,0,ALG,"MF,DF",23,2001,34.5,7,1,1,30,46,6,94,24,55,,,0,0.11594202898550725,1.0434782608695652,0.2028985507246377,2.7246376811594204,1.5942028985507246,0.6956521739130435,0.8695652173913043,1.3333333333333333
320,ENG-Premier League,2425,Wolves,Santiago Bueno,URU,DF,25,1998,29,18,1687,18.7,0,0,0,0,0,0,2,0,0.0,0.0,0.0,0.0,0.0,URU,DF,25,1998,18.7,0,6,3,50.0,0.32,0.16,0.0,0.0,0,0,URU,DF,25,1998,18.7,2,0,0,27,5,0,0,13,20,,,0,0.0,0.32085561497326204,0.0,0.0,1.0695187165775402,0.6951871657754011,1.4438502673796791,0.26737967914438504
321,ENG-Premier League,2425,Wolves,Toti Gomes,POR,DF,25,1999,31,30,2614,29.0,0,1,1,0,0,0,7,0,0.0,0.03,0.03,0.0,0.03,POR,DF,25,1999,29.0,0,7,3,42.9,0.24,0.1,0.0,0.0,0,0,POR,DF,25,1999,29.0,7,0,0,24,15,4,13,26,43,,,0,0.0,0.2413793103448276,0.034482758620689655,0.4482758620689655,1.4827586206896552,0.896551724137931,0.8275862068965517,0.5172413793103449
